recording_id,species,window_idx,start_s,end_s,snr_db,kept
XC148756,ForestOwlet,0,0.0,3.0,0.98,False
XC148756,ForestOwlet,1,1.5,4.5,2.44,False
XC148756,ForestOwlet,2,3.0,6.0,4.43,True
XC148756,ForestOwlet,3,4.5,7.5,3.75,True
XC148756,ForestOwlet,4,6.0,9.0,2.89,False
XC148756,ForestOwlet,5,7.5,10.5,3.09,True
XC148756,ForestOwlet,6,9.0,12.0,1.61,False
XC148756,ForestOwlet,7,10.5,13.5,1.43,False
XC148756,ForestOwlet,8,12.0,15.0,2.61,False
XC148756,ForestOwlet,9,13.5,16.5,2.89,False
XC148757,ForestOwlet,0,0.0,3.0,3.74,True
XC148757,ForestOwlet,1,1.5,4.5,4.15,True
XC148757,ForestOwlet,2,3.0,6.0,4.75,True
XC148757,ForestOwlet,3,4.5,7.5,4.56,True
XC148757,ForestOwlet,4,6.0,9.0,3.68,True
XC148757,ForestOwlet,5,7.5,10.5,3.37,True
XC148757,ForestOwlet,6,9.0,12.0,2.96,False
XC148757,ForestOwlet,7,10.5,13.5,2.34,False
XC148757,ForestOwlet,8,12.0,15.0,2.34,False
XC148757,ForestOwlet,9,13.5,16.5,2.41,False
XC148757,ForestOwlet,10,15.0,18.0,2.34,False
XC148757,ForestOwlet,11,16.5,19.5,2.3,False
XC148757,ForestOwlet,12,18.0,21.0,2.19,False
XC148757,ForestOwlet,13,19.5,22.5,2.31,False
XC148757,ForestOwlet,14,21.0,24.0,2.56,False
XC148757,ForestOwlet,15,22.5,25.5,2.7,False
XC148757,ForestOwlet,16,24.0,27.0,2.69,False
XC148757,ForestOwlet,17,25.5,28.5,3.14,True
XC148757,ForestOwlet,18,27.0,30.0,3.52,True
XC148757,ForestOwlet,19,28.5,31.5,4.31,True
XC148757,ForestOwlet,20,30.0,33.0,4.32,True
XC148757,ForestOwlet,21,31.5,34.5,4.18,True
XC148757,ForestOwlet,22,33.0,36.0,4.14,True
XC148757,ForestOwlet,23,34.5,37.5,4.83,True
XC148757,ForestOwlet,24,36.0,39.0,6.82,True
XC148758,ForestOwlet,0,0.0,3.0,3.01,True
XC148758,ForestOwlet,1,1.5,4.5,6.62,True
XC148758,ForestOwlet,2,3.0,6.0,5.98,True
XC148758,ForestOwlet,3,4.5,7.5,4.4,True
XC148758,ForestOwlet,4,6.0,9.0,3.28,True
XC148758,ForestOwlet,5,7.5,10.5,2.76,False
XC148758,ForestOwlet,6,9.0,12.0,2.2,False
XC148758,ForestOwlet,7,10.5,13.5,1.44,False
XC166129,ForestOwlet,0,0.0,3.0,2.53,False
XC166129,ForestOwlet,1,1.5,4.5,2.05,False
XC166129,ForestOwlet,2,3.0,6.0,1.86,False
XC166129,ForestOwlet,3,4.5,7.5,1.71,False
XC166129,ForestOwlet,4,6.0,9.0,5.78,True
XC166129,ForestOwlet,5,7.5,10.5,9.94,True
XC206366,ForestOwlet,0,0.0,3.0,9.17,True
XC206366,ForestOwlet,1,1.5,4.5,10.65,True
XC206366,ForestOwlet,2,3.0,6.0,4.54,True
XC206367,ForestOwlet,0,0.0,3.0,3.48,True
XC206367,ForestOwlet,1,1.5,4.5,6.06,True
XC206367,ForestOwlet,2,3.0,6.0,10.59,True
XC206367,ForestOwlet,3,4.5,7.5,11.13,True
XC206367,ForestOwlet,4,6.0,9.0,3.57,True
XC206368,ForestOwlet,0,0.0,3.0,1.85,False
XC206368,ForestOwlet,1,1.5,4.5,2.33,False
XC206368,ForestOwlet,2,3.0,6.0,5.31,True
XC206368,ForestOwlet,3,4.5,7.5,3.2,True
XC206368,ForestOwlet,4,6.0,9.0,1.07,False
XC206368,ForestOwlet,5,7.5,10.5,0.71,False
XC206368,ForestOwlet,6,9.0,12.0,1.22,False
XC206368,ForestOwlet,7,10.5,13.5,1.5,False
XC409702,ForestOwlet,0,0.0,3.0,1.98,False
XC409702,ForestOwlet,1,1.5,4.5,2.37,True
XC409702,ForestOwlet,2,3.0,6.0,2.12,False
XC409702,ForestOwlet,3,4.5,7.5,1.95,False
XC409702,ForestOwlet,4,6.0,9.0,2.29,False
XC414032,ForestOwlet,0,0.0,3.0,1.71,False
XC414032,ForestOwlet,1,1.5,4.5,16.05,True
XC414032,ForestOwlet,2,3.0,6.0,21.96,True
XC414032,ForestOwlet,3,4.5,7.5,14.24,True
XC414032,ForestOwlet,4,6.0,9.0,2.15,False
XC414032,ForestOwlet,5,7.5,10.5,1.39,False
XC414032,ForestOwlet,6,9.0,12.0,1.8,False
XC414032,ForestOwlet,7,10.5,13.5,1.69,False
XC414032,ForestOwlet,8,12.0,15.0,1.43,False
XC414032,ForestOwlet,9,13.5,16.5,1.08,False
XC414032,ForestOwlet,10,15.0,18.0,2.56,False
XC414032,ForestOwlet,11,16.5,19.5,18.42,True
XC414032,ForestOwlet,12,18.0,21.0,23.31,True
XC672075,ForestOwlet,0,0.0,3.0,25.26,True
XC672075,ForestOwlet,1,1.5,4.5,27.72,True
XC672075,ForestOwlet,2,3.0,6.0,27.04,True
XC672075,ForestOwlet,3,4.5,7.5,26.93,True
XC672075,ForestOwlet,4,6.0,9.0,23.06,True
XC672075,ForestOwlet,5,7.5,10.5,1.26,False
XC672075,ForestOwlet,6,9.0,12.0,1.06,False
XC672075,ForestOwlet,7,10.5,13.5,1.27,False
XC672075,ForestOwlet,8,12.0,15.0,0.87,False
XC672075,ForestOwlet,9,13.5,16.5,1.6,False
XC672075,ForestOwlet,10,15.0,18.0,1.58,False
XC672075,ForestOwlet,11,16.5,19.5,1.08,False
XC672075,ForestOwlet,12,18.0,21.0,1.78,False
XC672075,ForestOwlet,13,19.5,22.5,1.16,False
XC672075,ForestOwlet,14,21.0,24.0,14.43,True
XC672075,ForestOwlet,15,22.5,25.5,27.0,True
XC672075,ForestOwlet,16,24.0,27.0,29.34,True
XC672075,ForestOwlet,17,25.5,28.5,29.71,True
XC672075,ForestOwlet,18,27.0,30.0,31.39,True
XC672075,ForestOwlet,19,28.5,31.5,32.26,True
XC725559,ForestOwlet,0,0.0,3.0,1.44,False
XC725559,ForestOwlet,1,1.5,4.5,3.08,True
XC725559,ForestOwlet,2,3.0,6.0,3.65,True
XC725559,ForestOwlet,3,4.5,7.5,3.12,True
XC725559,ForestOwlet,4,6.0,9.0,2.76,False
XC725559,ForestOwlet,5,7.5,10.5,2.66,False
XC725560,ForestOwlet,0,0.0,3.0,1.25,False
XC725560,ForestOwlet,1,1.5,4.5,4.88,True
XC725560,ForestOwlet,2,3.0,6.0,9.53,True
XC725560,ForestOwlet,3,4.5,7.5,7.63,True
XC725560,ForestOwlet,4,6.0,9.0,4.45,True
XC725560,ForestOwlet,5,7.5,10.5,3.2,True
XC725560,ForestOwlet,6,9.0,12.0,3.5,True
XC725560,ForestOwlet,7,10.5,13.5,4.08,True
XC725560,ForestOwlet,8,12.0,15.0,3.58,True
XC725560,ForestOwlet,9,13.5,16.5,3.17,True
XC725560,ForestOwlet,10,15.0,18.0,2.69,False
XC725560,ForestOwlet,11,16.5,19.5,3.16,True
XC725560,ForestOwlet,12,18.0,21.0,6.47,True
XC725560,ForestOwlet,13,19.5,22.5,2.03,False
XC725560,ForestOwlet,14,21.0,24.0,1.55,False
XC725560,ForestOwlet,15,22.5,25.5,2.81,False
XC725560,ForestOwlet,16,24.0,27.0,2.81,False
XC725560,ForestOwlet,17,25.5,28.5,1.4,False
XC725560,ForestOwlet,18,27.0,30.0,0.48,False
XC725560,ForestOwlet,19,28.5,31.5,0.34,False
XC725560,ForestOwlet,20,30.0,33.0,0.17,False
XC725560,ForestOwlet,21,31.5,34.5,1.36,False
XC725560,ForestOwlet,22,33.0,36.0,13.16,True
XC725560,ForestOwlet,23,34.5,37.5,6.63,True
XC758834,ForestOwlet,0,0.0,3.0,11.53,True
XC758834,ForestOwlet,1,1.5,4.5,12.29,True
XC758834,ForestOwlet,2,3.0,6.0,12.23,True
XC758835,ForestOwlet,0,0.0,3.0,10.27,True
XC758836,ForestOwlet,0,0.0,3.0,14.72,True
XC758836,ForestOwlet,1,1.5,4.5,20.5,True
XC758836,ForestOwlet,2,3.0,6.0,14.26,True
XC758846,ForestOwlet,0,0.0,3.0,12.44,True
XC758846,ForestOwlet,1,1.5,4.5,19.53,True
XC758846,ForestOwlet,2,3.0,6.0,18.29,True
XC758846,ForestOwlet,3,4.5,7.5,13.62,True
XC758846,ForestOwlet,4,6.0,9.0,16.41,True
XC758846,ForestOwlet,5,7.5,10.5,14.82,True
XC758846,ForestOwlet,6,9.0,12.0,3.43,True
XC758846,ForestOwlet,7,10.5,13.5,1.74,False
XC758846,ForestOwlet,8,12.0,15.0,2.44,False
XC758846,ForestOwlet,9,13.5,16.5,2.09,False
XC758846,ForestOwlet,10,15.0,18.0,4.74,True
XC758846,ForestOwlet,11,16.5,19.5,6.22,True
XC758846,ForestOwlet,12,18.0,21.0,9.32,True
XC758846,ForestOwlet,13,19.5,22.5,4.83,True
XC758846,ForestOwlet,14,21.0,24.0,1.56,False
XC758846,ForestOwlet,15,22.5,25.5,3.46,True
XC758846,ForestOwlet,16,24.0,27.0,10.33,True
XC758846,ForestOwlet,17,25.5,28.5,13.38,True
XC758846,ForestOwlet,18,27.0,30.0,11.02,True
XC758846,ForestOwlet,19,28.5,31.5,7.36,True
XC779855,ForestOwlet,0,0.0,3.0,1.5,False
XC779855,ForestOwlet,1,1.5,4.5,6.07,True
XC779855,ForestOwlet,2,3.0,6.0,7.75,True
XC779855,ForestOwlet,3,4.5,7.5,15.45,True
XC779855,ForestOwlet,4,6.0,9.0,19.86,True
XC974267,ForestOwlet,0,0.0,3.0,2.93,False
XC974267,ForestOwlet,1,1.5,4.5,2.04,False
XC974267,ForestOwlet,2,3.0,6.0,3.33,True
XC974267,ForestOwlet,3,4.5,7.5,6.19,True
XC974267,ForestOwlet,4,6.0,9.0,5.76,True
XC974267,ForestOwlet,5,7.5,10.5,5.79,True
XC974267,ForestOwlet,6,9.0,12.0,7.77,True
XC974267,ForestOwlet,7,10.5,13.5,9.67,True
XC974267,ForestOwlet,8,12.0,15.0,10.96,True
XC974267,ForestOwlet,9,13.5,16.5,8.71,True
XC974267,ForestOwlet,10,15.0,18.0,5.95,True
XC974267,ForestOwlet,11,16.5,19.5,4.11,True
XC974267,ForestOwlet,12,18.0,21.0,5.19,True
XC974267,ForestOwlet,13,19.5,22.5,5.33,True
XC974267,ForestOwlet,14,21.0,24.0,4.74,True
XC974267,ForestOwlet,15,22.5,25.5,2.97,False
XC974267,ForestOwlet,16,24.0,27.0,3.62,True
XC974267,ForestOwlet,17,25.5,28.5,6.1,True
XC974267,ForestOwlet,18,27.0,30.0,4.75,True
XC974267,ForestOwlet,19,28.5,31.5,2.65,False
XC974267,ForestOwlet,20,30.0,33.0,2.23,False
XC974267,ForestOwlet,21,31.5,34.5,4.78,True
XC974267,ForestOwlet,22,33.0,36.0,6.74,True
XC974267,ForestOwlet,23,34.5,37.5,5.26,True
XC974267,ForestOwlet,24,36.0,39.0,3.63,True
XC974267,ForestOwlet,25,37.5,40.5,2.75,False
XC974267,ForestOwlet,26,39.0,42.0,2.78,False
XC974267,ForestOwlet,27,40.5,43.5,3.38,True
XC974267,ForestOwlet,28,42.0,45.0,3.97,True
XC974267,ForestOwlet,29,43.5,46.5,5.13,True
XC974267,ForestOwlet,30,45.0,48.0,5.18,True
XC974267,ForestOwlet,31,46.5,49.5,4.89,True
XC974267,ForestOwlet,32,48.0,51.0,5.06,True
XC974267,ForestOwlet,33,49.5,52.5,5.48,True
XC974267,ForestOwlet,34,51.0,54.0,5.67,True
XC974267,ForestOwlet,35,52.5,55.5,5.78,True
XC974267,ForestOwlet,36,54.0,57.0,6.06,True
XC974267,ForestOwlet,37,55.5,58.5,4.91,True
XC974269,ForestOwlet,0,0.0,3.0,1.92,False
XC974269,ForestOwlet,1,1.5,4.5,3.68,True
XC974269,ForestOwlet,2,3.0,6.0,6.18,True
XC974269,ForestOwlet,3,4.5,7.5,5.82,True
XC974269,ForestOwlet,4,6.0,9.0,2.11,False
XC974269,ForestOwlet,5,7.5,10.5,3.4,True
XC974269,ForestOwlet,6,9.0,12.0,1.95,False
XC974269,ForestOwlet,7,10.5,13.5,1.29,False
XC974269,ForestOwlet,8,12.0,15.0,1.83,False
XC974269,ForestOwlet,9,13.5,16.5,2.13,False
XC974269,ForestOwlet,10,15.0,18.0,2.45,False
XC974269,ForestOwlet,11,16.5,19.5,2.42,False
XC974269,ForestOwlet,12,18.0,21.0,3.68,True
XC974269,ForestOwlet,13,19.5,22.5,11.74,True
XC974269,ForestOwlet,14,21.0,24.0,12.8,True
XC974269,ForestOwlet,15,22.5,25.5,3.68,True
XC974269,ForestOwlet,16,24.0,27.0,4.18,True
XC974269,ForestOwlet,17,25.5,28.5,4.44,True
XC974269,ForestOwlet,18,27.0,30.0,7.83,True
XC974269,ForestOwlet,19,28.5,31.5,8.07,True
XC974269,ForestOwlet,20,30.0,33.0,5.15,True
XC974269,ForestOwlet,21,31.5,34.5,4.19,True
XC974269,ForestOwlet,22,33.0,36.0,3.69,True
XC974269,ForestOwlet,23,34.5,37.5,2.1,False
XC974269,ForestOwlet,24,36.0,39.0,2.08,False
XC974269,ForestOwlet,25,37.5,40.5,3.61,True
XC974269,ForestOwlet,26,39.0,42.0,3.74,True
XC974269,ForestOwlet,27,40.5,43.5,4.33,True
XC974269,ForestOwlet,28,42.0,45.0,5.83,True
XC974269,ForestOwlet,29,43.5,46.5,5.36,True
XC974269,ForestOwlet,30,45.0,48.0,7.7,True
XC974269,ForestOwlet,31,46.5,49.5,14.41,True
XC974269,ForestOwlet,32,48.0,51.0,7.68,True
XC974269,ForestOwlet,33,49.5,52.5,5.36,True
XC974269,ForestOwlet,34,51.0,54.0,6.2,True
XC974269,ForestOwlet,35,52.5,55.5,3.06,True
XC974269,ForestOwlet,36,54.0,57.0,2.94,False
XC974269,ForestOwlet,37,55.5,58.5,2.6,False
XC974269,ForestOwlet,38,57.0,60.0,3.67,True
XC974269,ForestOwlet,39,58.5,61.5,3.0,False
XC974269,ForestOwlet,40,60.0,63.0,0.83,False
XC974269,ForestOwlet,41,61.5,64.5,5.09,True
XC974269,ForestOwlet,42,63.0,66.0,9.73,True
XC974269,ForestOwlet,43,64.5,67.5,7.46,True
XC974269,ForestOwlet,44,66.0,69.0,7.8,True
XC974269,ForestOwlet,45,67.5,70.5,7.92,True
XC974269,ForestOwlet,46,69.0,72.0,5.36,True
XC974269,ForestOwlet,47,70.5,73.5,2.16,False
XC974269,ForestOwlet,48,72.0,75.0,1.75,False
XC974269,ForestOwlet,49,73.5,76.5,3.27,True
XC974269,ForestOwlet,50,75.0,78.0,4.46,True
XC974269,ForestOwlet,51,76.5,79.5,3.52,True
XC974269,ForestOwlet,52,78.0,81.0,2.61,False
XC974269,ForestOwlet,53,79.5,82.5,2.83,False
XC974269,ForestOwlet,54,81.0,84.0,6.83,True
XC974269,ForestOwlet,55,82.5,85.5,11.13,True
XC974269,ForestOwlet,56,84.0,87.0,8.09,True
XC974269,ForestOwlet,57,85.5,88.5,4.19,True
XC974269,ForestOwlet,58,87.0,90.0,4.43,True
XC974269,ForestOwlet,59,88.5,91.5,4.16,True
XC974269,ForestOwlet,60,90.0,93.0,3.26,True
XC974269,ForestOwlet,61,91.5,94.5,3.84,True
XC974269,ForestOwlet,62,93.0,96.0,4.93,True
XC148759,ForestOwlet,0,0.0,3.0,3.42,True
XC148759,ForestOwlet,1,1.5,4.5,4.23,True
XC148759,ForestOwlet,2,3.0,6.0,4.53,True
XC148759,ForestOwlet,3,4.5,7.5,3.84,True
XC148759,ForestOwlet,4,6.0,9.0,3.13,True
XC148759,ForestOwlet,5,7.5,10.5,2.27,False
XC148759,ForestOwlet,6,9.0,12.0,1.79,False
XC148759,ForestOwlet,7,10.5,13.5,1.79,False
XC148759,ForestOwlet,8,12.0,15.0,1.94,False
XC148759,ForestOwlet,9,13.5,16.5,2.23,False
XC148759,ForestOwlet,10,15.0,18.0,2.02,False
XC148759,ForestOwlet,11,16.5,19.5,1.87,False
XC148759,ForestOwlet,12,18.0,21.0,2.0,False
XC148759,ForestOwlet,13,19.5,22.5,2.44,False
XC148759,ForestOwlet,14,21.0,24.0,3.65,True
XC148759,ForestOwlet,15,22.5,25.5,3.99,True
XC148759,ForestOwlet,16,24.0,27.0,3.52,True
XC148759,ForestOwlet,17,25.5,28.5,3.52,True
XC148759,ForestOwlet,18,27.0,30.0,3.59,True
XC148759,ForestOwlet,19,28.5,31.5,2.61,False
XC148759,ForestOwlet,20,30.0,33.0,2.11,False
XC148759,ForestOwlet,21,31.5,34.5,1.78,False
XC148759,ForestOwlet,22,33.0,36.0,1.68,False
XC148759,ForestOwlet,23,34.5,37.5,2.18,False
XC148759,ForestOwlet,24,36.0,39.0,2.08,False
XC148759,ForestOwlet,25,37.5,40.5,1.46,False
XC148759,ForestOwlet,26,39.0,42.0,1.71,False
XC148759,ForestOwlet,27,40.5,43.5,2.53,False
XC148759,ForestOwlet,28,42.0,45.0,1.5,False
XC148759,ForestOwlet,29,43.5,46.5,1.4,False
XC148759,ForestOwlet,30,45.0,48.0,1.87,False
XC148759,ForestOwlet,31,46.5,49.5,1.53,False
XC148759,ForestOwlet,32,48.0,51.0,1.6,False
XC148759,ForestOwlet,33,49.5,52.5,1.6,False
XC148759,ForestOwlet,34,51.0,54.0,2.47,False
XC148759,ForestOwlet,35,52.5,55.5,2.88,False
XC148759,ForestOwlet,36,54.0,57.0,3.17,True
XC148759,ForestOwlet,37,55.5,58.5,3.73,True
XC148759,ForestOwlet,38,57.0,60.0,4.13,True
XC148759,ForestOwlet,39,58.5,61.5,4.3,True
XC148759,ForestOwlet,40,60.0,63.0,3.62,True
XC148759,ForestOwlet,41,61.5,64.5,2.81,False
XC314008,ForestOwlet,0,0.0,3.0,1.8,False
XC314008,ForestOwlet,1,1.5,4.5,2.09,False
XC314008,ForestOwlet,2,3.0,6.0,2.39,False
XC314008,ForestOwlet,3,4.5,7.5,3.25,True
XC314008,ForestOwlet,4,6.0,9.0,2.82,False
XC314008,ForestOwlet,5,7.5,10.5,2.33,False
XC314008,ForestOwlet,6,9.0,12.0,2.05,False
XC314008,ForestOwlet,7,10.5,13.5,2.6,False
XC314008,ForestOwlet,8,12.0,15.0,4.56,True
XC314008,ForestOwlet,9,13.5,16.5,6.6,True
XC314008,ForestOwlet,10,15.0,18.0,5.72,True
XC314008,ForestOwlet,11,16.5,19.5,4.9,True
XC314008,ForestOwlet,12,18.0,21.0,4.62,True
XC314008,ForestOwlet,13,19.5,22.5,4.55,True
XC314008,ForestOwlet,14,21.0,24.0,5.18,True
XC314008,ForestOwlet,15,22.5,25.5,4.84,True
XC314008,ForestOwlet,16,24.0,27.0,4.24,True
XC314008,ForestOwlet,17,25.5,28.5,3.62,True
XC314008,ForestOwlet,18,27.0,30.0,3.0,True
XC314008,ForestOwlet,19,28.5,31.5,3.06,True
XC314008,ForestOwlet,20,30.0,33.0,3.26,True
XC314008,ForestOwlet,21,31.5,34.5,3.7,True
XC314008,ForestOwlet,22,33.0,36.0,3.15,True
XC314008,ForestOwlet,23,34.5,37.5,2.55,False
XC314008,ForestOwlet,24,36.0,39.0,1.62,False
XC314008,ForestOwlet,25,37.5,40.5,1.28,False
XC314008,ForestOwlet,26,39.0,42.0,1.0,False
XC314008,ForestOwlet,27,40.5,43.5,0.75,False
XC314008,ForestOwlet,28,42.0,45.0,0.37,False
XC314008,ForestOwlet,29,43.5,46.5,-0.08,False
XC314008,ForestOwlet,30,45.0,48.0,-0.27,False
XC314008,ForestOwlet,31,46.5,49.5,-0.22,False
XC343773,ForestOwlet,0,0.0,3.0,2.75,False
XC343773,ForestOwlet,1,1.5,4.5,1.11,False
XC343773,ForestOwlet,2,3.0,6.0,0.5,False
XC343773,ForestOwlet,3,4.5,7.5,1.11,False
XC343773,ForestOwlet,4,6.0,9.0,1.47,False
XC343773,ForestOwlet,5,7.5,10.5,2.35,False
XC343773,ForestOwlet,6,9.0,12.0,1.44,False
XC343773,ForestOwlet,7,10.5,13.5,0.96,False
XC343773,ForestOwlet,8,12.0,15.0,1.7,False
XC343773,ForestOwlet,9,13.5,16.5,10.55,True
XC343773,ForestOwlet,10,15.0,18.0,11.46,True
XC343773,ForestOwlet,11,16.5,19.5,8.96,True
XC343773,ForestOwlet,12,18.0,21.0,6.77,True
XC343773,ForestOwlet,13,19.5,22.5,4.74,True
XC343773,ForestOwlet,14,21.0,24.0,2.96,False
XC343773,ForestOwlet,15,22.5,25.5,1.95,False
XC343773,ForestOwlet,16,24.0,27.0,1.72,False
XC343773,ForestOwlet,17,25.5,28.5,1.24,False
XC343773,ForestOwlet,18,27.0,30.0,1.47,False
XC343773,ForestOwlet,19,28.5,31.5,2.09,False
XC343773,ForestOwlet,20,30.0,33.0,1.94,False
XC343773,ForestOwlet,21,31.5,34.5,1.36,False
XC343773,ForestOwlet,22,33.0,36.0,11.09,True
XC758847,ForestOwlet,0,0.0,3.0,2.12,False
XC758847,ForestOwlet,1,1.5,4.5,2.57,False
XC758847,ForestOwlet,2,3.0,6.0,1.79,False
XC758847,ForestOwlet,3,4.5,7.5,2.17,False
XC758847,ForestOwlet,4,6.0,9.0,3.19,True
XC758847,ForestOwlet,5,7.5,10.5,3.39,True
XC758847,ForestOwlet,6,9.0,12.0,2.28,False
XC758847,ForestOwlet,7,10.5,13.5,1.94,False
XC758847,ForestOwlet,8,12.0,15.0,2.33,False
XC758847,ForestOwlet,9,13.5,16.5,2.51,False
XC758847,ForestOwlet,10,15.0,18.0,1.92,False
XC758847,ForestOwlet,11,16.5,19.5,2.18,False
XC778605,ForestOwlet,0,0.0,3.0,1.79,False
XC778605,ForestOwlet,1,1.5,4.5,3.82,True
XC213143,ForestOwlet,0,0.0,3.0,15.92,True
XC213143,ForestOwlet,1,1.5,4.5,16.35,True
XC213143,ForestOwlet,2,3.0,6.0,9.82,True
XC213143,ForestOwlet,3,4.5,7.5,13.09,True
XC213143,ForestOwlet,4,6.0,9.0,12.52,True
XC213143,ForestOwlet,5,7.5,10.5,11.68,True
XC213143,ForestOwlet,6,9.0,12.0,9.4,True
XC213143,ForestOwlet,7,10.5,13.5,4.6,True
XC213143,ForestOwlet,8,12.0,15.0,3.75,True
XC213143,ForestOwlet,9,13.5,16.5,6.36,True
XC213143,ForestOwlet,10,15.0,18.0,8.78,True
XC213143,ForestOwlet,11,16.5,19.5,15.76,True
XC213143,ForestOwlet,12,18.0,21.0,17.09,True
XC213143,ForestOwlet,13,19.5,22.5,3.44,True
XC213143,ForestOwlet,14,21.0,24.0,1.23,False
XC213143,ForestOwlet,15,22.5,25.5,1.13,False
XC213143,ForestOwlet,16,24.0,27.0,0.7,False
XC213143,ForestOwlet,17,25.5,28.5,4.48,True
XC213143,ForestOwlet,18,27.0,30.0,5.45,True
XC213143,ForestOwlet,19,28.5,31.5,0.7,False
XC213143,ForestOwlet,20,30.0,33.0,1.08,False
XC213143,ForestOwlet,21,31.5,34.5,11.38,True
XC213143,ForestOwlet,22,33.0,36.0,12.66,True
XC213143,ForestOwlet,23,34.5,37.5,6.86,True
XC213143,ForestOwlet,24,36.0,39.0,1.64,False
XC213143,ForestOwlet,25,37.5,40.5,0.39,False
XC213143,ForestOwlet,26,39.0,42.0,2.13,False
XC213143,ForestOwlet,27,40.5,43.5,4.26,True
XC213143,ForestOwlet,28,42.0,45.0,5.86,True
XC213143,ForestOwlet,29,43.5,46.5,5.76,True
XC213143,ForestOwlet,30,45.0,48.0,4.99,True
XC213143,ForestOwlet,31,46.5,49.5,5.02,True
XC213143,ForestOwlet,32,48.0,51.0,12.56,True
XC213143,ForestOwlet,33,49.5,52.5,13.85,True
XC213143,ForestOwlet,34,51.0,54.0,11.77,True
XC213143,ForestOwlet,35,52.5,55.5,13.73,True
XC213143,ForestOwlet,36,54.0,57.0,14.98,True
XC213143,ForestOwlet,37,55.5,58.5,15.4,True
XC213143,ForestOwlet,38,57.0,60.0,14.37,True
XC454346,ForestOwlet,0,0.0,3.0,0.14,False
XC454346,ForestOwlet,1,1.5,4.5,0.11,False
XC454346,ForestOwlet,2,3.0,6.0,3.93,True
XC454346,ForestOwlet,3,4.5,7.5,5.25,True
XC454346,ForestOwlet,4,6.0,9.0,6.18,True
XC454346,ForestOwlet,5,7.5,10.5,6.26,True
XC454346,ForestOwlet,6,9.0,12.0,5.93,True
XC454346,ForestOwlet,7,10.5,13.5,5.75,True
XC454346,ForestOwlet,8,12.0,15.0,5.74,True
XC454346,ForestOwlet,9,13.5,16.5,5.67,True
XC635072,ForestOwlet,0,0.0,3.0,9.2,True
XC635072,ForestOwlet,1,1.5,4.5,11.44,True
XC635072,ForestOwlet,2,3.0,6.0,10.24,True
XC635072,ForestOwlet,3,4.5,7.5,8.77,True
XC722042,ForestOwlet,0,0.0,3.0,1.42,False
XC722042,ForestOwlet,1,1.5,4.5,9.99,True
XC722042,ForestOwlet,2,3.0,6.0,18.64,True
XC722042,ForestOwlet,3,4.5,7.5,15.49,True
XC722042,ForestOwlet,4,6.0,9.0,8.64,True
XC722042,ForestOwlet,5,7.5,10.5,3.63,True
XC722042,ForestOwlet,6,9.0,12.0,4.44,True
XC722042,ForestOwlet,7,10.5,13.5,6.24,True
XC722042,ForestOwlet,8,12.0,15.0,3.98,True
XC722042,ForestOwlet,9,13.5,16.5,4.55,True
XC722042,ForestOwlet,10,15.0,18.0,4.9,True
XC722042,ForestOwlet,11,16.5,19.5,6.84,True
XC722042,ForestOwlet,12,18.0,21.0,14.97,True
XC722042,ForestOwlet,13,19.5,22.5,4.33,True
XC722042,ForestOwlet,14,21.0,24.0,1.49,False
XC722042,ForestOwlet,15,22.5,25.5,6.83,True
XC722042,ForestOwlet,16,24.0,27.0,7.96,True
XC722042,ForestOwlet,17,25.5,28.5,5.28,True
XC722042,ForestOwlet,18,27.0,30.0,3.7,True
XC722042,ForestOwlet,19,28.5,31.5,4.7,True
XC722042,ForestOwlet,20,30.0,33.0,4.16,True
XC722042,ForestOwlet,21,31.5,34.5,7.21,True
XC722042,ForestOwlet,22,33.0,36.0,24.99,True
XC722042,ForestOwlet,23,34.5,37.5,16.1,True
XC374895,ForestOwlet,0,0.0,3.0,0.84,False
XC374895,ForestOwlet,1,1.5,4.5,0.6,False
XC374895,ForestOwlet,2,3.0,6.0,0.62,False
XC374895,ForestOwlet,3,4.5,7.5,0.33,False
XC374895,ForestOwlet,4,6.0,9.0,-0.56,False
XC374895,ForestOwlet,5,7.5,10.5,0.2,False
XC374895,ForestOwlet,6,9.0,12.0,0.82,False
XC374895,ForestOwlet,7,10.5,13.5,1.28,False
XC374895,ForestOwlet,8,12.0,15.0,1.33,False
XC374895,ForestOwlet,9,13.5,16.5,1.82,False
XC374895,ForestOwlet,10,15.0,18.0,1.84,False
XC374895,ForestOwlet,11,16.5,19.5,1.08,False
XC374895,ForestOwlet,12,18.0,21.0,0.97,False
XC374895,ForestOwlet,13,19.5,22.5,1.41,False
XC374895,ForestOwlet,14,21.0,24.0,2.96,False
XC374895,ForestOwlet,15,22.5,25.5,3.0,True
XC374895,ForestOwlet,16,24.0,27.0,0.98,False
XC374895,ForestOwlet,17,25.5,28.5,1.36,False
XC374895,ForestOwlet,18,27.0,30.0,1.63,False
XC374895,ForestOwlet,19,28.5,31.5,1.81,False
ML139758521,ForestOwlet,0,0.0,3.0,8.35,True
ML139758521,ForestOwlet,1,1.5,4.5,10.93,True
ML139758521,ForestOwlet,2,3.0,6.0,12.63,True
ML139758521,ForestOwlet,3,4.5,7.5,10.8,True
ML141721661,ForestOwlet,0,0.0,3.0,1.54,False
ML141721661,ForestOwlet,1,1.5,4.5,1.95,False
ML141721661,ForestOwlet,2,3.0,6.0,3.2,True
ML141721661,ForestOwlet,3,4.5,7.5,2.11,False
ML141721661,ForestOwlet,4,6.0,9.0,1.11,False
ML141721661,ForestOwlet,5,7.5,10.5,1.18,False
ML141721661,ForestOwlet,6,9.0,12.0,1.83,False
ML141721661,ForestOwlet,7,10.5,13.5,1.76,False
ML141721661,ForestOwlet,8,12.0,15.0,1.79,False
ML141721661,ForestOwlet,9,13.5,16.5,2.03,False
ML141721661,ForestOwlet,10,15.0,18.0,2.03,False
ML141721661,ForestOwlet,11,16.5,19.5,1.51,False
ML141721661,ForestOwlet,12,18.0,21.0,1.04,False
ML141721661,ForestOwlet,13,19.5,22.5,1.17,False
ML141721661,ForestOwlet,14,21.0,24.0,1.28,False
ML141721661,ForestOwlet,15,22.5,25.5,1.65,False
ML141721661,ForestOwlet,16,24.0,27.0,2.4,False
ML141721661,ForestOwlet,17,25.5,28.5,2.01,False
ML141721661,ForestOwlet,18,27.0,30.0,0.89,False
ML141721661,ForestOwlet,19,28.5,31.5,1.14,False
ML141721661,ForestOwlet,20,30.0,33.0,1.97,False
ML141721661,ForestOwlet,21,31.5,34.5,2.26,False
ML141721661,ForestOwlet,22,33.0,36.0,2.49,False
ML141721691,ForestOwlet,0,0.0,3.0,3.86,True
ML141721691,ForestOwlet,1,1.5,4.5,4.45,True
ML141721691,ForestOwlet,2,3.0,6.0,4.76,True
ML141721691,ForestOwlet,3,4.5,7.5,3.4,True
ML141721691,ForestOwlet,4,6.0,9.0,1.95,False
ML141721691,ForestOwlet,5,7.5,10.5,2.66,False
ML141721691,ForestOwlet,6,9.0,12.0,3.61,True
ML141721691,ForestOwlet,7,10.5,13.5,3.11,True
ML141721691,ForestOwlet,8,12.0,15.0,2.05,False
ML141721691,ForestOwlet,9,13.5,16.5,1.25,False
ML141721691,ForestOwlet,10,15.0,18.0,1.6,False
ML141721691,ForestOwlet,11,16.5,19.5,2.66,False
ML141721691,ForestOwlet,12,18.0,21.0,2.8,False
ML141721691,ForestOwlet,13,19.5,22.5,2.72,False
ML141721691,ForestOwlet,14,21.0,24.0,2.31,False
ML141721691,ForestOwlet,15,22.5,25.5,2.18,False
ML141721691,ForestOwlet,16,24.0,27.0,2.74,False
ML141721691,ForestOwlet,17,25.5,28.5,2.16,False
ML141721691,ForestOwlet,18,27.0,30.0,0.89,False
ML141721691,ForestOwlet,19,28.5,31.5,0.39,False
ML141721691,ForestOwlet,20,30.0,33.0,0.92,False
ML141721691,ForestOwlet,21,31.5,34.5,1.48,False
ML141721691,ForestOwlet,22,33.0,36.0,1.91,False
ML141721691,ForestOwlet,23,34.5,37.5,2.6,False
ML141721691,ForestOwlet,24,36.0,39.0,2.52,False
ML141721691,ForestOwlet,25,37.5,40.5,2.31,False
ML141721691,ForestOwlet,26,39.0,42.0,3.66,True
ML141721691,ForestOwlet,27,40.5,43.5,4.17,True
ML141721691,ForestOwlet,28,42.0,45.0,3.27,True
ML141721691,ForestOwlet,29,43.5,46.5,1.79,False
ML141721691,ForestOwlet,30,45.0,48.0,1.55,False
ML141721691,ForestOwlet,31,46.5,49.5,2.47,False
ML141721691,ForestOwlet,32,48.0,51.0,2.21,False
ML141721691,ForestOwlet,33,49.5,52.5,1.92,False
ML141721691,ForestOwlet,34,51.0,54.0,2.66,False
ML141721691,ForestOwlet,35,52.5,55.5,2.6,False
ML141721691,ForestOwlet,36,54.0,57.0,1.3,False
ML141721691,ForestOwlet,37,55.5,58.5,1.69,False
ML141721691,ForestOwlet,38,57.0,60.0,2.0,False
ML141721691,ForestOwlet,39,58.5,61.5,2.45,False
ML141721691,ForestOwlet,40,60.0,63.0,2.72,False
ML141721691,ForestOwlet,41,61.5,64.5,2.61,False
ML141721691,ForestOwlet,42,63.0,66.0,3.66,True
ML141721691,ForestOwlet,43,64.5,67.5,2.79,False
ML141721691,ForestOwlet,44,66.0,69.0,2.08,False
ML141721691,ForestOwlet,45,67.5,70.5,3.6,True
ML141721691,ForestOwlet,46,69.0,72.0,3.13,True
ML141721691,ForestOwlet,47,70.5,73.5,2.05,False
ML141721691,ForestOwlet,48,72.0,75.0,1.88,False
ML141721691,ForestOwlet,49,73.5,76.5,2.43,False
ML141721691,ForestOwlet,50,75.0,78.0,2.5,False
ML141721691,ForestOwlet,51,76.5,79.5,3.17,True
ML141721691,ForestOwlet,52,78.0,81.0,2.94,False
ML203909371,ForestOwlet,0,0.0,3.0,0.22,False
ML203909371,ForestOwlet,1,1.5,4.5,7.72,True
ML203909371,ForestOwlet,2,3.0,6.0,11.63,True
ML203909371,ForestOwlet,3,4.5,7.5,5.59,True
ML203909371,ForestOwlet,4,6.0,9.0,2.81,False
ML203909371,ForestOwlet,5,7.5,10.5,6.53,True
ML203909371,ForestOwlet,6,9.0,12.0,13.21,True
ML203909371,ForestOwlet,7,10.5,13.5,11.89,True
ML203909371,ForestOwlet,8,12.0,15.0,8.91,True
ML203909371,ForestOwlet,9,13.5,16.5,7.92,True
ML203909371,ForestOwlet,10,15.0,18.0,10.37,True
ML203909371,ForestOwlet,11,16.5,19.5,13.2,True
ML203909371,ForestOwlet,12,18.0,21.0,11.16,True
ML203909371,ForestOwlet,13,19.5,22.5,13.27,True
ML203909371,ForestOwlet,14,21.0,24.0,14.01,True
ML203909371,ForestOwlet,15,22.5,25.5,12.95,True
ML203909371,ForestOwlet,16,24.0,27.0,12.42,True
ML203909371,ForestOwlet,17,25.5,28.5,10.21,True
ML203909371,ForestOwlet,18,27.0,30.0,7.31,True
ML203909371,ForestOwlet,19,28.5,31.5,11.93,True
ML203909371,ForestOwlet,20,30.0,33.0,14.92,True
ML203909371,ForestOwlet,21,31.5,34.5,9.4,True
ML203909371,ForestOwlet,22,33.0,36.0,5.44,True
ML203909371,ForestOwlet,23,34.5,37.5,9.52,True
ML203909371,ForestOwlet,24,36.0,39.0,11.7,True
ML203909371,ForestOwlet,25,37.5,40.5,13.58,True
ML203909371,ForestOwlet,26,39.0,42.0,11.42,True
ML203909371,ForestOwlet,27,40.5,43.5,9.26,True
ML203909371,ForestOwlet,28,42.0,45.0,2.94,False
ML203909371,ForestOwlet,29,43.5,46.5,4.0,True
ML203909371,ForestOwlet,30,45.0,48.0,15.24,True
ML203909371,ForestOwlet,31,46.5,49.5,11.52,True
ML203909371,ForestOwlet,32,48.0,51.0,5.18,True
ML203909371,ForestOwlet,33,49.5,52.5,8.2,True
ML203909371,ForestOwlet,34,51.0,54.0,2.41,False
ML203909371,ForestOwlet,35,52.5,55.5,0.27,False
ML203909371,ForestOwlet,36,54.0,57.0,2.92,False
ML203909371,ForestOwlet,37,55.5,58.5,8.86,True
ML203909371,ForestOwlet,38,57.0,60.0,3.81,True
ML22718711,ForestOwlet,0,0.0,3.0,5.91,True
ML22718711,ForestOwlet,1,1.5,4.5,9.44,True
ML22718711,ForestOwlet,2,3.0,6.0,11.69,True
ML22718711,ForestOwlet,3,4.5,7.5,12.36,True
ML22718711,ForestOwlet,4,6.0,9.0,13.97,True
ML22718711,ForestOwlet,5,7.5,10.5,15.75,True
ML22718711,ForestOwlet,6,9.0,12.0,16.73,True
ML22718711,ForestOwlet,7,10.5,13.5,16.05,True
ML22718711,ForestOwlet,8,12.0,15.0,10.31,True
ML22718711,ForestOwlet,9,13.5,16.5,1.22,False
ML22718711,ForestOwlet,10,15.0,18.0,0.81,False
ML22718711,ForestOwlet,11,16.5,19.5,0.56,False
ML22718711,ForestOwlet,12,18.0,21.0,0.63,False
ML22718711,ForestOwlet,13,19.5,22.5,0.88,False
ML22718711,ForestOwlet,14,21.0,24.0,0.7,False
ML22718711,ForestOwlet,15,22.5,25.5,0.38,False
ML22718711,ForestOwlet,16,24.0,27.0,0.45,False
ML22718711,ForestOwlet,17,25.5,28.5,0.61,False
ML22718711,ForestOwlet,18,27.0,30.0,0.92,False
ML22718711,ForestOwlet,19,28.5,31.5,2.63,False
ML22718711,ForestOwlet,20,30.0,33.0,5.11,True
ML22718711,ForestOwlet,21,31.5,34.5,8.02,True
ML22718711,ForestOwlet,22,33.0,36.0,8.3,True
ML28124631,ForestOwlet,0,0.0,3.0,4.36,True
ML28124631,ForestOwlet,1,1.5,4.5,3.48,True
ML318845721,ForestOwlet,0,0.0,3.0,1.78,False
ML318845721,ForestOwlet,1,1.5,4.5,5.17,True
ML318845721,ForestOwlet,2,3.0,6.0,6.61,True
ML318845721,ForestOwlet,3,4.5,7.5,10.6,True
ML318845721,ForestOwlet,4,6.0,9.0,13.35,True
ML318845721,ForestOwlet,5,7.5,10.5,12.62,True
ML318845721,ForestOwlet,6,9.0,12.0,10.97,True
ML318845721,ForestOwlet,7,10.5,13.5,8.34,True
ML318845721,ForestOwlet,8,12.0,15.0,10.14,True
ML34297961,ForestOwlet,0,0.0,3.0,8.75,True
ML34297961,ForestOwlet,1,1.5,4.5,4.84,True
ML34297961,ForestOwlet,2,3.0,6.0,4.28,True
ML34297961,ForestOwlet,3,4.5,7.5,3.24,True
ML34297961,ForestOwlet,4,6.0,9.0,0.53,False
ML34297961,ForestOwlet,5,7.5,10.5,0.86,False
ML382260081,ForestOwlet,0,0.0,3.0,1.07,False
ML382260081,ForestOwlet,1,1.5,4.5,1.79,False
ML382260081,ForestOwlet,2,3.0,6.0,1.76,False
ML382260081,ForestOwlet,3,4.5,7.5,1.39,False
ML382260081,ForestOwlet,4,6.0,9.0,1.24,False
ML382260081,ForestOwlet,5,7.5,10.5,1.34,False
ML382260081,ForestOwlet,6,9.0,12.0,1.25,False
ML382260081,ForestOwlet,7,10.5,13.5,0.96,False
ML382260081,ForestOwlet,8,12.0,15.0,0.92,False
ML382260081,ForestOwlet,9,13.5,16.5,2.0,False
ML382260081,ForestOwlet,10,15.0,18.0,6.67,True
ML382260081,ForestOwlet,11,16.5,19.5,6.77,True
ML382260081,ForestOwlet,12,18.0,21.0,5.49,True
ML382263081,ForestOwlet,0,0.0,3.0,1.35,False
ML382263081,ForestOwlet,1,1.5,4.5,1.98,False
ML382263081,ForestOwlet,2,3.0,6.0,1.83,False
ML382263081,ForestOwlet,3,4.5,7.5,1.6,False
ML382263081,ForestOwlet,4,6.0,9.0,1.36,False
ML382263081,ForestOwlet,5,7.5,10.5,1.46,False
ML382263081,ForestOwlet,6,9.0,12.0,1.44,False
ML382263081,ForestOwlet,7,10.5,13.5,1.14,False
ML382263081,ForestOwlet,8,12.0,15.0,1.04,False
ML382263081,ForestOwlet,9,13.5,16.5,2.41,False
ML382263081,ForestOwlet,10,15.0,18.0,7.52,True
ML382263081,ForestOwlet,11,16.5,19.5,7.56,True
ML382263081,ForestOwlet,12,18.0,21.0,6.36,True
ML392199771,ForestOwlet,0,0.0,3.0,12.17,True
ML392199771,ForestOwlet,1,1.5,4.5,10.18,True
ML392199771,ForestOwlet,2,3.0,6.0,8.63,True
ML392199771,ForestOwlet,3,4.5,7.5,8.64,True
ML392199771,ForestOwlet,4,6.0,9.0,10.01,True
ML392199771,ForestOwlet,5,7.5,10.5,9.73,True
ML392199771,ForestOwlet,6,9.0,12.0,7.85,True
ML392199771,ForestOwlet,7,10.5,13.5,10.59,True
ML392199771,ForestOwlet,8,12.0,15.0,10.84,True
ML392199771,ForestOwlet,9,13.5,16.5,10.2,True
ML392199771,ForestOwlet,10,15.0,18.0,11.03,True
ML392199771,ForestOwlet,11,16.5,19.5,12.0,True
ML392199771,ForestOwlet,12,18.0,21.0,11.87,True
ML392199771,ForestOwlet,13,19.5,22.5,9.12,True
ML392199771,ForestOwlet,14,21.0,24.0,5.59,True
ML392199771,ForestOwlet,15,22.5,25.5,5.62,True
ML392199771,ForestOwlet,16,24.0,27.0,8.02,True
ML392199771,ForestOwlet,17,25.5,28.5,10.58,True
ML392199771,ForestOwlet,18,27.0,30.0,12.39,True
ML392199771,ForestOwlet,19,28.5,31.5,16.14,True
ML392199771,ForestOwlet,20,30.0,33.0,16.53,True
ML392199771,ForestOwlet,21,31.5,34.5,18.0,True
ML392199771,ForestOwlet,22,33.0,36.0,16.09,True
ML392199771,ForestOwlet,23,34.5,37.5,15.96,True
ML392199771,ForestOwlet,24,36.0,39.0,17.18,True
ML392199771,ForestOwlet,25,37.5,40.5,12.27,True
ML392199771,ForestOwlet,26,39.0,42.0,8.51,True
ML392199771,ForestOwlet,27,40.5,43.5,6.95,True
ML392199771,ForestOwlet,28,42.0,45.0,3.02,True
ML392199771,ForestOwlet,29,43.5,46.5,9.77,True
ML392199771,ForestOwlet,30,45.0,48.0,15.74,True
ML392199771,ForestOwlet,31,46.5,49.5,15.53,True
ML392199771,ForestOwlet,32,48.0,51.0,8.72,True
ML392199771,ForestOwlet,33,49.5,52.5,6.57,True
ML392199771,ForestOwlet,34,51.0,54.0,6.07,True
ML392199771,ForestOwlet,35,52.5,55.5,7.11,True
ML392199771,ForestOwlet,36,54.0,57.0,8.24,True
ML392199771,ForestOwlet,37,55.5,58.5,7.6,True
ML392199771,ForestOwlet,38,57.0,60.0,7.15,True
ML392199771,ForestOwlet,39,58.5,61.5,12.66,True
ML418760961,ForestOwlet,0,0.0,3.0,1.16,False
ML418760961,ForestOwlet,1,1.5,4.5,3.04,True
ML418760961,ForestOwlet,2,3.0,6.0,3.39,True
ML418760961,ForestOwlet,3,4.5,7.5,2.85,False
ML418760961,ForestOwlet,4,6.0,9.0,4.54,True
ML418760961,ForestOwlet,5,7.5,10.5,8.97,True
ML418760961,ForestOwlet,6,9.0,12.0,5.93,True
ML418760961,ForestOwlet,7,10.5,13.5,1.74,False
ML418760961,ForestOwlet,8,12.0,15.0,0.31,False
ML418760961,ForestOwlet,9,13.5,16.5,1.18,False
ML418760961,ForestOwlet,10,15.0,18.0,3.87,True
ML418760961,ForestOwlet,11,16.5,19.5,4.83,True
ML418760961,ForestOwlet,12,18.0,21.0,2.93,False
ML418760961,ForestOwlet,13,19.5,22.5,1.45,False
ML418760961,ForestOwlet,14,21.0,24.0,2.6,False
ML418760961,ForestOwlet,15,22.5,25.5,2.73,False
ML418760961,ForestOwlet,16,24.0,27.0,1.6,False
ML418760961,ForestOwlet,17,25.5,28.5,3.11,True
ML418760961,ForestOwlet,18,27.0,30.0,3.26,True
ML418760961,ForestOwlet,19,28.5,31.5,2.68,False
ML418760961,ForestOwlet,20,30.0,33.0,2.31,False
ML418760961,ForestOwlet,21,31.5,34.5,1.57,False
ML418760961,ForestOwlet,22,33.0,36.0,2.35,False
ML418760961,ForestOwlet,23,34.5,37.5,2.24,False
ML418760961,ForestOwlet,24,36.0,39.0,2.16,False
ML418760961,ForestOwlet,25,37.5,40.5,2.91,False
ML418760961,ForestOwlet,26,39.0,42.0,2.5,False
ML418890721,ForestOwlet,0,0.0,3.0,14.22,True
ML418890721,ForestOwlet,1,1.5,4.5,16.78,True
ML418890721,ForestOwlet,2,3.0,6.0,16.4,True
ML418890721,ForestOwlet,3,4.5,7.5,10.75,True
ML421056201,ForestOwlet,0,0.0,3.0,8.52,True
ML421056201,ForestOwlet,1,1.5,4.5,8.83,True
ML421056201,ForestOwlet,2,3.0,6.0,7.44,True
ML421056201,ForestOwlet,3,4.5,7.5,6.11,True
ML421056201,ForestOwlet,4,6.0,9.0,2.16,False
ML421056211,ForestOwlet,0,0.0,3.0,1.68,False
ML421056211,ForestOwlet,1,1.5,4.5,1.44,False
ML421056211,ForestOwlet,2,3.0,6.0,1.21,False
ML421056211,ForestOwlet,3,4.5,7.5,1.2,False
ML421056211,ForestOwlet,4,6.0,9.0,1.2,False
ML421056211,ForestOwlet,5,7.5,10.5,1.73,False
ML421056211,ForestOwlet,6,9.0,12.0,1.99,True
ML421056211,ForestOwlet,7,10.5,13.5,1.69,False
ML421056211,ForestOwlet,8,12.0,15.0,1.88,False
ML421056211,ForestOwlet,9,13.5,16.5,1.95,False
ML421056211,ForestOwlet,10,15.0,18.0,1.52,False
ML421056241,ForestOwlet,0,0.0,3.0,2.24,False
ML421056241,ForestOwlet,1,1.5,4.5,3.79,True
ML437327781,ForestOwlet,0,0.0,3.0,2.9,False
ML437327781,ForestOwlet,1,1.5,4.5,1.65,False
ML437327781,ForestOwlet,2,3.0,6.0,2.45,False
ML437327781,ForestOwlet,3,4.5,7.5,3.32,True
ML437327781,ForestOwlet,4,6.0,9.0,2.89,False
ML437327781,ForestOwlet,5,7.5,10.5,4.36,True
ML437327781,ForestOwlet,6,9.0,12.0,3.12,True
ML437327781,ForestOwlet,7,10.5,13.5,3.07,True
ML437327781,ForestOwlet,8,12.0,15.0,5.87,True
ML437327781,ForestOwlet,9,13.5,16.5,3.6,True
ML437327781,ForestOwlet,10,15.0,18.0,3.84,True
ML437327781,ForestOwlet,11,16.5,19.5,3.08,True
ML437327781,ForestOwlet,12,18.0,21.0,2.03,False
ML437327781,ForestOwlet,13,19.5,22.5,4.04,True
ML437327781,ForestOwlet,14,21.0,24.0,2.87,False
ML437327781,ForestOwlet,15,22.5,25.5,1.65,False
ML437327781,ForestOwlet,16,24.0,27.0,2.1,False
ML437327781,ForestOwlet,17,25.5,28.5,4.2,True
ML437327781,ForestOwlet,18,27.0,30.0,1.32,False
ML437327781,ForestOwlet,19,28.5,31.5,1.6,False
ML437327781,ForestOwlet,20,30.0,33.0,3.66,True
ML437327781,ForestOwlet,21,31.5,34.5,3.04,True
ML437327781,ForestOwlet,22,33.0,36.0,4.27,True
ML444347781,ForestOwlet,0,0.0,3.0,1.47,False
ML444347781,ForestOwlet,1,1.5,4.5,10.01,True
ML444347781,ForestOwlet,2,3.0,6.0,18.66,True
ML444347781,ForestOwlet,3,4.5,7.5,15.49,True
ML444347781,ForestOwlet,4,6.0,9.0,8.76,True
ML444347781,ForestOwlet,5,7.5,10.5,3.67,True
ML444347781,ForestOwlet,6,9.0,12.0,4.44,True
ML444347781,ForestOwlet,7,10.5,13.5,6.18,True
ML444347781,ForestOwlet,8,12.0,15.0,3.97,True
ML444347781,ForestOwlet,9,13.5,16.5,4.55,True
ML444347781,ForestOwlet,10,15.0,18.0,4.88,True
ML444347781,ForestOwlet,11,16.5,19.5,6.88,True
ML444347781,ForestOwlet,12,18.0,21.0,14.98,True
ML444347781,ForestOwlet,13,19.5,22.5,4.36,True
ML444347781,ForestOwlet,14,21.0,24.0,1.56,False
ML444347781,ForestOwlet,15,22.5,25.5,6.98,True
ML444347781,ForestOwlet,16,24.0,27.0,8.02,True
ML444347781,ForestOwlet,17,25.5,28.5,5.35,True
ML444347781,ForestOwlet,18,27.0,30.0,3.65,True
ML444347781,ForestOwlet,19,28.5,31.5,4.64,True
ML444347781,ForestOwlet,20,30.0,33.0,4.23,True
ML444347781,ForestOwlet,21,31.5,34.5,7.31,True
ML444347781,ForestOwlet,22,33.0,36.0,25.01,True
ML444347781,ForestOwlet,23,34.5,37.5,16.16,True
ML486215441,ForestOwlet,0,0.0,3.0,3.03,True
ML491949651,ForestOwlet,0,0.0,3.0,12.5,True
ML491949651,ForestOwlet,1,1.5,4.5,19.51,True
ML491949651,ForestOwlet,2,3.0,6.0,18.34,True
ML491949651,ForestOwlet,3,4.5,7.5,13.62,True
ML491949651,ForestOwlet,4,6.0,9.0,16.42,True
ML491949651,ForestOwlet,5,7.5,10.5,14.89,True
ML491949651,ForestOwlet,6,9.0,12.0,3.45,True
ML491949651,ForestOwlet,7,10.5,13.5,1.74,False
ML491949651,ForestOwlet,8,12.0,15.0,2.4,False
ML491949651,ForestOwlet,9,13.5,16.5,2.1,False
ML491949651,ForestOwlet,10,15.0,18.0,4.75,True
ML491949651,ForestOwlet,11,16.5,19.5,6.27,True
ML491949651,ForestOwlet,12,18.0,21.0,9.37,True
ML491949651,ForestOwlet,13,19.5,22.5,4.89,True
ML491949651,ForestOwlet,14,21.0,24.0,1.61,False
ML491949651,ForestOwlet,15,22.5,25.5,3.49,True
ML491949651,ForestOwlet,16,24.0,27.0,10.36,True
ML491949651,ForestOwlet,17,25.5,28.5,13.39,True
ML491949651,ForestOwlet,18,27.0,30.0,11.04,True
ML491949651,ForestOwlet,19,28.5,31.5,7.39,True
ML496177181,ForestOwlet,0,0.0,3.0,2.16,False
ML496177181,ForestOwlet,1,1.5,4.5,2.61,False
ML496177181,ForestOwlet,2,3.0,6.0,1.84,False
ML496177181,ForestOwlet,3,4.5,7.5,2.2,False
ML496177181,ForestOwlet,4,6.0,9.0,3.26,True
ML496177181,ForestOwlet,5,7.5,10.5,3.43,True
ML496177181,ForestOwlet,6,9.0,12.0,2.33,False
ML496177181,ForestOwlet,7,10.5,13.5,2.01,False
ML496177181,ForestOwlet,8,12.0,15.0,2.36,False
ML496177181,ForestOwlet,9,13.5,16.5,2.51,False
ML496177181,ForestOwlet,10,15.0,18.0,1.95,False
ML496177181,ForestOwlet,11,16.5,19.5,2.22,False
ML499619221,ForestOwlet,0,0.0,3.0,11.41,True
ML499619221,ForestOwlet,1,1.5,4.5,12.3,True
ML499619221,ForestOwlet,2,3.0,6.0,12.19,True
ML499619231,ForestOwlet,0,0.0,3.0,10.26,True
ML499619241,ForestOwlet,0,0.0,3.0,14.52,True
ML499619241,ForestOwlet,1,1.5,4.5,20.42,True
ML499619241,ForestOwlet,2,3.0,6.0,14.43,True
ML506141231,ForestOwlet,0,0.0,3.0,2.58,False
ML506141231,ForestOwlet,1,1.5,4.5,2.21,False
ML506141231,ForestOwlet,2,3.0,6.0,3.22,True
ML506141231,ForestOwlet,3,4.5,7.5,3.72,True
ML506141231,ForestOwlet,4,6.0,9.0,2.82,False
ML506141231,ForestOwlet,5,7.5,10.5,2.04,False
ML506141231,ForestOwlet,6,9.0,12.0,2.47,False
ML506141241,ForestOwlet,0,0.0,3.0,5.83,True
ML506141241,ForestOwlet,1,1.5,4.5,9.54,True
ML506141241,ForestOwlet,2,3.0,6.0,11.13,True
ML506141241,ForestOwlet,3,4.5,7.5,14.08,True
ML506141241,ForestOwlet,4,6.0,9.0,8.89,True
ML506141241,ForestOwlet,5,7.5,10.5,1.49,False
ML506141241,ForestOwlet,6,9.0,12.0,1.36,False
ML506141241,ForestOwlet,7,10.5,13.5,1.61,False
ML506141241,ForestOwlet,8,12.0,15.0,1.28,False
ML506141241,ForestOwlet,9,13.5,16.5,4.63,True
ML506141241,ForestOwlet,10,15.0,18.0,2.0,False
ML506141241,ForestOwlet,11,16.5,19.5,1.09,False
ML506141241,ForestOwlet,12,18.0,21.0,1.64,False
ML506141241,ForestOwlet,13,19.5,22.5,1.4,False
ML506141241,ForestOwlet,14,21.0,24.0,1.5,False
ML525407041,ForestOwlet,0,0.0,3.0,2.66,False
ML525407041,ForestOwlet,1,1.5,4.5,6.63,True
ML525407041,ForestOwlet,2,3.0,6.0,10.63,True
ML525407041,ForestOwlet,3,4.5,7.5,12.07,True
ML525407041,ForestOwlet,4,6.0,9.0,11.48,True
ML525407041,ForestOwlet,5,7.5,10.5,9.03,True
ML525407041,ForestOwlet,6,9.0,12.0,5.08,True
ML527671821,ForestOwlet,0,0.0,3.0,1.75,False
ML527671821,ForestOwlet,1,1.5,4.5,2.37,False
ML527671821,ForestOwlet,2,3.0,6.0,4.24,True
ML527671821,ForestOwlet,3,4.5,7.5,5.18,True
ML527671821,ForestOwlet,4,6.0,9.0,4.14,True
ML527671821,ForestOwlet,5,7.5,10.5,2.28,False
ML527671821,ForestOwlet,6,9.0,12.0,1.62,False
ML527671821,ForestOwlet,7,10.5,13.5,1.32,False
ML529760131,ForestOwlet,0,0.0,3.0,0.55,False
ML529760131,ForestOwlet,1,1.5,4.5,0.84,False
ML529760131,ForestOwlet,2,3.0,6.0,1.74,False
ML529760131,ForestOwlet,3,4.5,7.5,1.39,False
ML529760131,ForestOwlet,4,6.0,9.0,1.1,False
ML529760131,ForestOwlet,5,7.5,10.5,0.65,False
ML529760131,ForestOwlet,6,9.0,12.0,0.59,False
ML529760131,ForestOwlet,7,10.5,13.5,0.63,False
ML529760131,ForestOwlet,8,12.0,15.0,0.63,False
ML529760131,ForestOwlet,9,13.5,16.5,0.54,False
ML529760131,ForestOwlet,10,15.0,18.0,0.66,False
ML529760131,ForestOwlet,11,16.5,19.5,0.94,False
ML529760131,ForestOwlet,12,18.0,21.0,0.69,False
ML529760131,ForestOwlet,13,19.5,22.5,0.88,False
ML529760131,ForestOwlet,14,21.0,24.0,0.8,False
ML529760131,ForestOwlet,15,22.5,25.5,0.89,False
ML529760131,ForestOwlet,16,24.0,27.0,1.23,False
ML529760131,ForestOwlet,17,25.5,28.5,1.08,False
ML529760131,ForestOwlet,18,27.0,30.0,1.49,False
ML529760131,ForestOwlet,19,28.5,31.5,1.99,False
ML529760131,ForestOwlet,20,30.0,33.0,1.92,False
ML529760131,ForestOwlet,21,31.5,34.5,3.82,True
ML529760131,ForestOwlet,22,33.0,36.0,9.0,True
ML529760131,ForestOwlet,23,34.5,37.5,12.96,True
ML529760131,ForestOwlet,24,36.0,39.0,15.08,True
ML529760131,ForestOwlet,25,37.5,40.5,15.72,True
ML529760131,ForestOwlet,26,39.0,42.0,14.31,True
ML529760131,ForestOwlet,27,40.5,43.5,14.99,True
ML544521921,ForestOwlet,0,0.0,3.0,31.35,True
ML544521931,ForestOwlet,0,0.0,3.0,-1.34,False
ML544521931,ForestOwlet,1,1.5,4.5,-0.89,False
ML544521931,ForestOwlet,2,3.0,6.0,0.66,False
ML544521931,ForestOwlet,3,4.5,7.5,0.04,False
ML544521931,ForestOwlet,4,6.0,9.0,-1.04,False
ML544521931,ForestOwlet,5,7.5,10.5,0.15,False
ML544521931,ForestOwlet,6,9.0,12.0,2.79,False
ML544521931,ForestOwlet,7,10.5,13.5,6.93,True
ML544521931,ForestOwlet,8,12.0,15.0,7.42,True
ML544521931,ForestOwlet,9,13.5,16.5,4.12,True
ML544521931,ForestOwlet,10,15.0,18.0,1.31,False
ML544521931,ForestOwlet,11,16.5,19.5,0.93,False
ML544521931,ForestOwlet,12,18.0,21.0,2.1,False
ML544521931,ForestOwlet,13,19.5,22.5,1.48,False
ML544521931,ForestOwlet,14,21.0,24.0,1.04,False
ML544521931,ForestOwlet,15,22.5,25.5,4.83,True
ML544521931,ForestOwlet,16,24.0,27.0,8.07,True
ML544521931,ForestOwlet,17,25.5,28.5,5.35,True
ML544521931,ForestOwlet,18,27.0,30.0,3.23,True
ML544521931,ForestOwlet,19,28.5,31.5,2.32,False
ML544521931,ForestOwlet,20,30.0,33.0,0.52,False
ML544521931,ForestOwlet,21,31.5,34.5,-0.52,False
ML544521931,ForestOwlet,22,33.0,36.0,-0.32,False
ML544521931,ForestOwlet,23,34.5,37.5,0.26,False
ML544521931,ForestOwlet,24,36.0,39.0,1.3,False
ML544521931,ForestOwlet,25,37.5,40.5,4.84,True
ML544521931,ForestOwlet,26,39.0,42.0,7.09,True
ML544521931,ForestOwlet,27,40.5,43.5,6.96,True
ML544521931,ForestOwlet,28,42.0,45.0,5.61,True
ML544521931,ForestOwlet,29,43.5,46.5,4.4,True
ML544521931,ForestOwlet,30,45.0,48.0,6.47,True
ML544521931,ForestOwlet,31,46.5,49.5,6.7,True
ML544521931,ForestOwlet,32,48.0,51.0,4.25,True
ML544521931,ForestOwlet,33,49.5,52.5,2.14,False
ML544521931,ForestOwlet,34,51.0,54.0,4.36,True
ML544521931,ForestOwlet,35,52.5,55.5,7.17,True
ML544521931,ForestOwlet,36,54.0,57.0,5.95,True
ML544521931,ForestOwlet,37,55.5,58.5,4.03,True
ML544521931,ForestOwlet,38,57.0,60.0,5.18,True
ML544521931,ForestOwlet,39,58.5,61.5,5.31,True
ML544521931,ForestOwlet,40,60.0,63.0,4.63,True
ML544521931,ForestOwlet,41,61.5,64.5,4.75,True
ML544521931,ForestOwlet,42,63.0,66.0,10.67,True
ML544521931,ForestOwlet,43,64.5,67.5,12.48,True
ML544521931,ForestOwlet,44,66.0,69.0,6.68,True
ML544521931,ForestOwlet,45,67.5,70.5,6.7,True
ML544521931,ForestOwlet,46,69.0,72.0,7.76,True
ML544521931,ForestOwlet,47,70.5,73.5,7.33,True
ML544521931,ForestOwlet,48,72.0,75.0,6.81,True
ML544521931,ForestOwlet,49,73.5,76.5,6.0,True
ML544521931,ForestOwlet,50,75.0,78.0,8.16,True
ML544521931,ForestOwlet,51,76.5,79.5,13.85,True
ML544521931,ForestOwlet,52,78.0,81.0,7.56,True
ML544521931,ForestOwlet,53,79.5,82.5,6.88,True
ML544521931,ForestOwlet,54,81.0,84.0,4.9,True
ML544521931,ForestOwlet,55,82.5,85.5,3.44,True
ML544521931,ForestOwlet,56,84.0,87.0,4.61,True
ML544521931,ForestOwlet,57,85.5,88.5,5.64,True
ML544521931,ForestOwlet,58,87.0,90.0,7.18,True
ML544521931,ForestOwlet,59,88.5,91.5,14.79,True
ML544521931,ForestOwlet,60,90.0,93.0,15.69,True
ML544521931,ForestOwlet,61,91.5,94.5,6.79,True
ML544521931,ForestOwlet,62,93.0,96.0,6.46,True
ML544521931,ForestOwlet,63,94.5,97.5,6.68,True
ML544521931,ForestOwlet,64,96.0,99.0,8.88,True
ML544521931,ForestOwlet,65,97.5,100.5,7.93,True
ML544521931,ForestOwlet,66,99.0,102.0,6.46,True
ML544521931,ForestOwlet,67,100.5,103.5,7.82,True
ML544521931,ForestOwlet,68,102.0,105.0,9.04,True
ML544521931,ForestOwlet,69,103.5,106.5,6.83,True
ML544521931,ForestOwlet,70,105.0,108.0,6.07,True
ML544521931,ForestOwlet,71,106.5,109.5,15.81,True
ML544521931,ForestOwlet,72,108.0,111.0,15.52,True
ML544521931,ForestOwlet,73,109.5,112.5,9.66,True
ML544521931,ForestOwlet,74,111.0,114.0,6.84,True
ML544521931,ForestOwlet,75,112.5,115.5,4.27,True
ML544521931,ForestOwlet,76,114.0,117.0,3.75,True
ML544521931,ForestOwlet,77,115.5,118.5,4.28,True
ML544521931,ForestOwlet,78,117.0,120.0,4.47,True
ML544521931,ForestOwlet,79,118.5,121.5,5.45,True
ML544521931,ForestOwlet,80,120.0,123.0,9.33,True
ML544521931,ForestOwlet,81,121.5,124.5,13.66,True
ML544521931,ForestOwlet,82,123.0,126.0,14.7,True
ML544521931,ForestOwlet,83,124.5,127.5,6.66,True
ML544521931,ForestOwlet,84,126.0,129.0,4.95,True
ML544521931,ForestOwlet,85,127.5,130.5,5.29,True
ML544521931,ForestOwlet,86,129.0,132.0,4.22,True
ML544521931,ForestOwlet,87,130.5,133.5,3.27,True
ML544521931,ForestOwlet,88,132.0,135.0,4.57,True
ML544521931,ForestOwlet,89,133.5,136.5,5.88,True
ML544521931,ForestOwlet,90,135.0,138.0,5.38,True
ML544521931,ForestOwlet,91,136.5,139.5,4.42,True
ML544521931,ForestOwlet,92,138.0,141.0,4.4,True
ML544521931,ForestOwlet,93,139.5,142.5,5.41,True
ML544521931,ForestOwlet,94,141.0,144.0,5.92,True
ML544521931,ForestOwlet,95,142.5,145.5,4.46,True
ML544521931,ForestOwlet,96,144.0,147.0,3.33,True
ML544521931,ForestOwlet,97,145.5,148.5,3.14,True
ML544521931,ForestOwlet,98,147.0,150.0,3.17,True
ML544521931,ForestOwlet,99,148.5,151.5,3.64,True
ML544521931,ForestOwlet,100,150.0,153.0,3.87,True
ML544521931,ForestOwlet,101,151.5,154.5,4.07,True
ML544521941,ForestOwlet,0,0.0,3.0,2.68,False
ML544521941,ForestOwlet,1,1.5,4.5,5.07,True
ML544521941,ForestOwlet,2,3.0,6.0,5.07,True
ML544521941,ForestOwlet,3,4.5,7.5,2.05,False
ML544521941,ForestOwlet,4,6.0,9.0,4.58,True
ML544521941,ForestOwlet,5,7.5,10.5,19.39,True
ML544521941,ForestOwlet,6,9.0,12.0,21.76,True
ML544521941,ForestOwlet,7,10.5,13.5,12.91,True
ML544521941,ForestOwlet,8,12.0,15.0,8.27,True
ML544521941,ForestOwlet,9,13.5,16.5,10.19,True
ML544521941,ForestOwlet,10,15.0,18.0,10.7,True
ML544521941,ForestOwlet,11,16.5,19.5,8.3,True
ML544521941,ForestOwlet,12,18.0,21.0,8.91,True
ML544521941,ForestOwlet,13,19.5,22.5,8.56,True
ML544521941,ForestOwlet,14,21.0,24.0,6.39,True
ML544521941,ForestOwlet,15,22.5,25.5,4.73,True
ML544521941,ForestOwlet,16,24.0,27.0,12.95,True
ML544521941,ForestOwlet,17,25.5,28.5,21.42,True
ML544521941,ForestOwlet,18,27.0,30.0,21.77,True
ML544521941,ForestOwlet,19,28.5,31.5,10.22,True
ML544521941,ForestOwlet,20,30.0,33.0,5.34,True
ML544521941,ForestOwlet,21,31.5,34.5,4.83,True
ML544521941,ForestOwlet,22,33.0,36.0,4.02,True
ML544521941,ForestOwlet,23,34.5,37.5,7.14,True
ML544521941,ForestOwlet,24,36.0,39.0,19.18,True
ML544521941,ForestOwlet,25,37.5,40.5,21.81,True
ML544521941,ForestOwlet,26,39.0,42.0,19.77,True
ML544521941,ForestOwlet,27,40.5,43.5,15.72,True
ML544521941,ForestOwlet,28,42.0,45.0,13.63,True
ML544521941,ForestOwlet,29,43.5,46.5,12.23,True
ML544521941,ForestOwlet,30,45.0,48.0,13.52,True
ML544521941,ForestOwlet,31,46.5,49.5,14.74,True
ML544521941,ForestOwlet,32,48.0,51.0,17.36,True
ML544521941,ForestOwlet,33,49.5,52.5,17.9,True
ML544521941,ForestOwlet,34,51.0,54.0,12.25,True
ML544521941,ForestOwlet,35,52.5,55.5,3.21,True
ML544521941,ForestOwlet,36,54.0,57.0,3.94,True
ML544521941,ForestOwlet,37,55.5,58.5,9.07,True
ML544521941,ForestOwlet,38,57.0,60.0,11.76,True
ML544521941,ForestOwlet,39,58.5,61.5,12.4,True
ML544521941,ForestOwlet,40,60.0,63.0,11.77,True
ML544521941,ForestOwlet,41,61.5,64.5,15.1,True
ML544521941,ForestOwlet,42,63.0,66.0,21.49,True
ML544521941,ForestOwlet,43,64.5,67.5,23.34,True
ML544521941,ForestOwlet,44,66.0,69.0,17.4,True
ML544521941,ForestOwlet,45,67.5,70.5,9.95,True
ML544521941,ForestOwlet,46,69.0,72.0,12.49,True
ML544521941,ForestOwlet,47,70.5,73.5,14.61,True
ML544521941,ForestOwlet,48,72.0,75.0,10.22,True
ML544521941,ForestOwlet,49,73.5,76.5,9.44,True
ML544521941,ForestOwlet,50,75.0,78.0,21.09,True
ML544521941,ForestOwlet,51,76.5,79.5,21.58,True
ML544521941,ForestOwlet,52,78.0,81.0,10.62,True
ML544521941,ForestOwlet,53,79.5,82.5,11.89,True
ML544521941,ForestOwlet,54,81.0,84.0,13.12,True
ML544521941,ForestOwlet,55,82.5,85.5,13.58,True
ML544521941,ForestOwlet,56,84.0,87.0,17.5,True
ML544521941,ForestOwlet,57,85.5,88.5,17.46,True
ML544521941,ForestOwlet,58,87.0,90.0,20.24,True
ML544521941,ForestOwlet,59,88.5,91.5,20.32,True
ML544521941,ForestOwlet,60,90.0,93.0,15.19,True
ML544521941,ForestOwlet,61,91.5,94.5,12.15,True
ML544521941,ForestOwlet,62,93.0,96.0,4.79,True
ML544521941,ForestOwlet,63,94.5,97.5,4.47,True
ML544521941,ForestOwlet,64,96.0,99.0,11.38,True
ML544521941,ForestOwlet,65,97.5,100.5,10.75,True
ML544521941,ForestOwlet,66,99.0,102.0,1.33,False
ML544521941,ForestOwlet,67,100.5,103.5,6.47,True
ML544521941,ForestOwlet,68,102.0,105.0,10.95,True
ML544521941,ForestOwlet,69,103.5,106.5,18.08,True
ML544521941,ForestOwlet,70,105.0,108.0,18.27,True
ML544521941,ForestOwlet,71,106.5,109.5,6.19,True
ML544521941,ForestOwlet,72,108.0,111.0,2.13,False
ML544521941,ForestOwlet,73,109.5,112.5,7.4,True
ML544521941,ForestOwlet,74,111.0,114.0,8.03,True
ML544521941,ForestOwlet,75,112.5,115.5,6.38,True
ML544521941,ForestOwlet,76,114.0,117.0,21.7,True
ML544521941,ForestOwlet,77,115.5,118.5,22.59,True
ML556898951,ForestOwlet,0,0.0,3.0,39.11,True
ML556898951,ForestOwlet,1,1.5,4.5,2.05,False
ML556898951,ForestOwlet,2,3.0,6.0,2.47,False
ML556898951,ForestOwlet,3,4.5,7.5,40.91,True
ML556898951,ForestOwlet,4,6.0,9.0,53.83,True
ML556898951,ForestOwlet,5,7.5,10.5,78.33,True
ML564976721,ForestOwlet,0,0.0,3.0,1.2,False
ML564976721,ForestOwlet,1,1.5,4.5,1.41,False
ML564976721,ForestOwlet,2,3.0,6.0,1.31,False
ML564976721,ForestOwlet,3,4.5,7.5,1.07,False
ML564976721,ForestOwlet,4,6.0,9.0,1.2,False
ML564976721,ForestOwlet,5,7.5,10.5,1.52,True
ML564976721,ForestOwlet,6,9.0,12.0,1.45,False
ML564976721,ForestOwlet,7,10.5,13.5,1.21,False
ML564976721,ForestOwlet,8,12.0,15.0,1.2,False
ML564976721,ForestOwlet,9,13.5,16.5,0.97,False
ML564976721,ForestOwlet,10,15.0,18.0,0.71,False
ML564976721,ForestOwlet,11,16.5,19.5,0.72,False
ML564976721,ForestOwlet,12,18.0,21.0,0.73,False
ML564976721,ForestOwlet,13,19.5,22.5,0.67,False
ML564976721,ForestOwlet,14,21.0,24.0,0.65,False
ML564976721,ForestOwlet,15,22.5,25.5,0.51,False
ML587540771,ForestOwlet,0,0.0,3.0,7.39,True
ML587540771,ForestOwlet,1,1.5,4.5,6.74,True
ML587540771,ForestOwlet,2,3.0,6.0,10.29,True
ML587540771,ForestOwlet,3,4.5,7.5,11.71,True
ML587540771,ForestOwlet,4,6.0,9.0,8.99,True
ML587540771,ForestOwlet,5,7.5,10.5,11.26,True
ML587540771,ForestOwlet,6,9.0,12.0,10.1,True
ML587540771,ForestOwlet,7,10.5,13.5,4.89,True
ML587540771,ForestOwlet,8,12.0,15.0,3.03,True
ML587540771,ForestOwlet,9,13.5,16.5,5.41,True
ML587540771,ForestOwlet,10,15.0,18.0,4.79,True
ML587540771,ForestOwlet,11,16.5,19.5,2.88,False
ML587540771,ForestOwlet,12,18.0,21.0,4.95,True
ML587540771,ForestOwlet,13,19.5,22.5,7.79,True
ML587540771,ForestOwlet,14,21.0,24.0,7.55,True
ML587540771,ForestOwlet,15,22.5,25.5,8.89,True
ML587540771,ForestOwlet,16,24.0,27.0,12.17,True
ML587540771,ForestOwlet,17,25.5,28.5,12.04,True
ML587540771,ForestOwlet,18,27.0,30.0,12.51,True
ML587540771,ForestOwlet,19,28.5,31.5,15.12,True
ML587540771,ForestOwlet,20,30.0,33.0,14.07,True
ML587540771,ForestOwlet,21,31.5,34.5,12.91,True
ML587540771,ForestOwlet,22,33.0,36.0,12.14,True
ML587540771,ForestOwlet,23,34.5,37.5,14.82,True
ML587540771,ForestOwlet,24,36.0,39.0,15.08,True
ML587540771,ForestOwlet,25,37.5,40.5,7.5,True
ML587540771,ForestOwlet,26,39.0,42.0,5.28,True
ML587540771,ForestOwlet,27,40.5,43.5,2.39,False
ML609059730,ForestOwlet,0,0.0,3.0,6.91,True
ML609059730,ForestOwlet,1,1.5,4.5,6.48,True
ML609059730,ForestOwlet,2,3.0,6.0,6.1,True
ML609059730,ForestOwlet,3,4.5,7.5,6.02,True
ML609059730,ForestOwlet,4,6.0,9.0,6.23,True
ML609059730,ForestOwlet,5,7.5,10.5,6.5,True
ML609059730,ForestOwlet,6,9.0,12.0,5.28,True
ML609059730,ForestOwlet,7,10.5,13.5,4.63,True
ML609059730,ForestOwlet,8,12.0,15.0,5.46,True
ML609059730,ForestOwlet,9,13.5,16.5,6.89,True
ML609059730,ForestOwlet,10,15.0,18.0,4.68,True
ML609059730,ForestOwlet,11,16.5,19.5,5.71,True
ML609059730,ForestOwlet,12,18.0,21.0,6.39,True
ML609059730,ForestOwlet,13,19.5,22.5,6.17,True
ML609059730,ForestOwlet,14,21.0,24.0,5.7,True
ML609059730,ForestOwlet,15,22.5,25.5,5.75,True
ML609059730,ForestOwlet,16,24.0,27.0,5.63,True
ML609059730,ForestOwlet,17,25.5,28.5,5.59,True
ML609059730,ForestOwlet,18,27.0,30.0,5.4,True
ML609059730,ForestOwlet,19,28.5,31.5,6.35,True
ML609059730,ForestOwlet,20,30.0,33.0,10.02,True
ML609059730,ForestOwlet,21,31.5,34.5,11.26,True
ML609059730,ForestOwlet,22,33.0,36.0,10.26,True
ML609059730,ForestOwlet,23,34.5,37.5,6.09,True
ML609059730,ForestOwlet,24,36.0,39.0,5.74,True
ML609059730,ForestOwlet,25,37.5,40.5,4.88,True
ML609059730,ForestOwlet,26,39.0,42.0,5.61,True
ML609059730,ForestOwlet,27,40.5,43.5,7.14,True
ML609059730,ForestOwlet,28,42.0,45.0,6.92,True
ML609059730,ForestOwlet,29,43.5,46.5,8.45,True
ML609059730,ForestOwlet,30,45.0,48.0,9.87,True
ML609059730,ForestOwlet,31,46.5,49.5,12.96,True
ML609059730,ForestOwlet,32,48.0,51.0,10.85,True
ML609059730,ForestOwlet,33,49.5,52.5,9.24,True
ML609059730,ForestOwlet,34,51.0,54.0,8.57,True
ML609059730,ForestOwlet,35,52.5,55.5,8.18,True
ML609059730,ForestOwlet,36,54.0,57.0,8.08,True
ML609059730,ForestOwlet,37,55.5,58.5,8.62,True
ML609059730,ForestOwlet,38,57.0,60.0,8.73,True
ML609059730,ForestOwlet,39,58.5,61.5,8.28,True
ML609059730,ForestOwlet,40,60.0,63.0,8.57,True
ML609059730,ForestOwlet,41,61.5,64.5,8.23,True
ML609059730,ForestOwlet,42,63.0,66.0,7.83,True
ML609059730,ForestOwlet,43,64.5,67.5,7.07,True
ML609059730,ForestOwlet,44,66.0,69.0,7.46,True
ML609059730,ForestOwlet,45,67.5,70.5,7.39,True
ML609059730,ForestOwlet,46,69.0,72.0,7.11,True
ML609059730,ForestOwlet,47,70.5,73.5,7.92,True
ML609059730,ForestOwlet,48,72.0,75.0,7.57,True
ML609059730,ForestOwlet,49,73.5,76.5,8.02,True
ML609059730,ForestOwlet,50,75.0,78.0,9.28,True
ML609059730,ForestOwlet,51,76.5,79.5,10.63,True
ML609059730,ForestOwlet,52,78.0,81.0,10.07,True
ML609059730,ForestOwlet,53,79.5,82.5,7.9,True
ML609059730,ForestOwlet,54,81.0,84.0,6.15,True
ML609059730,ForestOwlet,55,82.5,85.5,5.67,True
ML609059730,ForestOwlet,56,84.0,87.0,5.65,True
ML609059730,ForestOwlet,57,85.5,88.5,5.73,True
ML609059730,ForestOwlet,58,87.0,90.0,6.21,True
ML609059730,ForestOwlet,59,88.5,91.5,6.3,True
ML609059730,ForestOwlet,60,90.0,93.0,5.35,True
ML609059730,ForestOwlet,61,91.5,94.5,4.39,True
ML609059730,ForestOwlet,62,93.0,96.0,4.67,True
ML609059730,ForestOwlet,63,94.5,97.5,4.55,True
ML609059730,ForestOwlet,64,96.0,99.0,4.55,True
ML609059730,ForestOwlet,65,97.5,100.5,4.54,True
ML609059730,ForestOwlet,66,99.0,102.0,4.59,True
ML609059730,ForestOwlet,67,100.5,103.5,5.09,True
ML609059730,ForestOwlet,68,102.0,105.0,5.62,True
ML609059730,ForestOwlet,69,103.5,106.5,5.52,True
ML609059730,ForestOwlet,70,105.0,108.0,4.8,True
ML609059730,ForestOwlet,71,106.5,109.5,4.27,True
ML609059730,ForestOwlet,72,108.0,111.0,4.0,True
ML609059730,ForestOwlet,73,109.5,112.5,3.19,True
ML609059730,ForestOwlet,74,111.0,114.0,2.9,False
ML609059730,ForestOwlet,75,112.5,115.5,3.27,True
ML609059730,ForestOwlet,76,114.0,117.0,6.8,True
ML609059730,ForestOwlet,77,115.5,118.5,7.63,True
ML609059730,ForestOwlet,78,117.0,120.0,7.23,True
ML609059730,ForestOwlet,79,118.5,121.5,8.98,True
ML609059730,ForestOwlet,80,120.0,123.0,9.21,True
ML609059730,ForestOwlet,81,121.5,124.5,9.44,True
ML609059730,ForestOwlet,82,123.0,126.0,9.41,True
ML609059730,ForestOwlet,83,124.5,127.5,8.38,True
ML609059730,ForestOwlet,84,126.0,129.0,7.64,True
ML609059730,ForestOwlet,85,127.5,130.5,7.14,True
ML609059730,ForestOwlet,86,129.0,132.0,7.25,True
ML609059730,ForestOwlet,87,130.5,133.5,8.5,True
ML609059730,ForestOwlet,88,132.0,135.0,8.27,True
ML609059730,ForestOwlet,89,133.5,136.5,8.7,True
ML609059730,ForestOwlet,90,135.0,138.0,8.18,True
ML609059730,ForestOwlet,91,136.5,139.5,8.89,True
ML609059730,ForestOwlet,92,138.0,141.0,9.15,True
ML609059730,ForestOwlet,93,139.5,142.5,8.78,True
ML609059730,ForestOwlet,94,141.0,144.0,7.79,True
ML609059730,ForestOwlet,95,142.5,145.5,7.32,True
ML609059730,ForestOwlet,96,144.0,147.0,4.9,True
ML609059730,ForestOwlet,97,145.5,148.5,4.71,True
ML609059730,ForestOwlet,98,147.0,150.0,6.49,True
ML609059730,ForestOwlet,99,148.5,151.5,3.96,True
ML609059730,ForestOwlet,100,150.0,153.0,4.0,True
ML609059730,ForestOwlet,101,151.5,154.5,4.36,True
ML609059730,ForestOwlet,102,153.0,156.0,4.4,True
ML609059730,ForestOwlet,103,154.5,157.5,4.47,True
ML609059730,ForestOwlet,104,156.0,159.0,3.74,True
ML609059730,ForestOwlet,105,157.5,160.5,3.91,True
ML609059730,ForestOwlet,106,159.0,162.0,4.18,True
ML609059730,ForestOwlet,107,160.5,163.5,3.84,True
ML609059730,ForestOwlet,108,162.0,165.0,3.62,True
ML609059730,ForestOwlet,109,163.5,166.5,3.67,True
ML609059730,ForestOwlet,110,165.0,168.0,4.1,True
ML609059730,ForestOwlet,111,166.5,169.5,4.44,True
ML609059730,ForestOwlet,112,168.0,171.0,4.87,True
ML609059730,ForestOwlet,113,169.5,172.5,4.88,True
ML609059730,ForestOwlet,114,171.0,174.0,4.5,True
ML609059730,ForestOwlet,115,172.5,175.5,4.42,True
ML609059730,ForestOwlet,116,174.0,177.0,4.58,True
ML609059730,ForestOwlet,117,175.5,178.5,5.61,True
ML609059730,ForestOwlet,118,177.0,180.0,9.71,True
ML609059730,ForestOwlet,119,178.5,181.5,12.11,True
ML609059730,ForestOwlet,120,180.0,183.0,12.09,True
ML609059730,ForestOwlet,121,181.5,184.5,12.77,True
ML609059730,ForestOwlet,122,183.0,186.0,14.46,True
ML609059730,ForestOwlet,123,184.5,187.5,13.73,True
ML609059730,ForestOwlet,124,186.0,189.0,14.34,True
ML609059730,ForestOwlet,125,187.5,190.5,16.73,True
ML609059730,ForestOwlet,126,189.0,192.0,17.51,True
ML609059730,ForestOwlet,127,190.5,193.5,14.85,True
ML609059730,ForestOwlet,128,192.0,195.0,14.41,True
ML609059730,ForestOwlet,129,193.5,196.5,14.99,True
ML609059730,ForestOwlet,130,195.0,198.0,14.59,True
ML609059730,ForestOwlet,131,196.5,199.5,10.32,True
ML609059730,ForestOwlet,132,198.0,201.0,8.54,True
ML609059730,ForestOwlet,133,199.5,202.5,6.97,True
ML609059730,ForestOwlet,134,201.0,204.0,4.32,True
ML609059730,ForestOwlet,135,202.5,205.5,4.94,True
ML609059730,ForestOwlet,136,204.0,207.0,6.09,True
ML609059730,ForestOwlet,137,205.5,208.5,4.77,True
ML609059730,ForestOwlet,138,207.0,210.0,5.75,True
ML609059730,ForestOwlet,139,208.5,211.5,6.37,True
ML609059730,ForestOwlet,140,210.0,213.0,7.1,True
ML609059730,ForestOwlet,141,211.5,214.5,9.39,True
ML609059730,ForestOwlet,142,213.0,216.0,8.76,True
ML609059730,ForestOwlet,143,214.5,217.5,5.74,True
ML609059730,ForestOwlet,144,216.0,219.0,4.68,True
ML609059730,ForestOwlet,145,217.5,220.5,4.85,True
ML609059730,ForestOwlet,146,219.0,222.0,5.9,True
ML609059730,ForestOwlet,147,220.5,223.5,7.67,True
ML609059730,ForestOwlet,148,222.0,225.0,8.34,True
ML609059730,ForestOwlet,149,223.5,226.5,6.61,True
ML609059730,ForestOwlet,150,225.0,228.0,6.41,True
ML609059730,ForestOwlet,151,226.5,229.5,8.08,True
ML609059730,ForestOwlet,152,228.0,231.0,8.51,True
ML609059730,ForestOwlet,153,229.5,232.5,7.69,True
ML609059730,ForestOwlet,154,231.0,234.0,7.56,True
ML609059730,ForestOwlet,155,232.5,235.5,6.87,True
ML609059730,ForestOwlet,156,234.0,237.0,7.07,True
ML609059730,ForestOwlet,157,235.5,238.5,7.05,True
ML609059730,ForestOwlet,158,237.0,240.0,7.68,True
ML609059730,ForestOwlet,159,238.5,241.5,11.41,True
ML609059730,ForestOwlet,160,240.0,243.0,12.16,True
ML609059730,ForestOwlet,161,241.5,244.5,10.54,True
ML609059730,ForestOwlet,162,243.0,246.0,12.18,True
ML609059730,ForestOwlet,163,244.5,247.5,12.58,True
ML609059730,ForestOwlet,164,246.0,249.0,12.46,True
ML609059730,ForestOwlet,165,247.5,250.5,10.21,True
ML609059730,ForestOwlet,166,249.0,252.0,8.43,True
ML609059730,ForestOwlet,167,250.5,253.5,10.68,True
ML609059730,ForestOwlet,168,252.0,255.0,13.46,True
ML609059730,ForestOwlet,169,253.5,256.5,16.68,True
ML609059730,ForestOwlet,170,255.0,258.0,15.4,True
ML609059730,ForestOwlet,171,256.5,259.5,12.92,True
ML609059730,ForestOwlet,172,258.0,261.0,11.07,True
ML609059730,ForestOwlet,173,259.5,262.5,9.34,True
ML609059730,ForestOwlet,174,261.0,264.0,8.47,True
ML609059730,ForestOwlet,175,262.5,265.5,9.01,True
ML609059730,ForestOwlet,176,264.0,267.0,8.81,True
ML609059730,ForestOwlet,177,265.5,268.5,7.09,True
ML609059730,ForestOwlet,178,267.0,270.0,7.99,True
ML609059730,ForestOwlet,179,268.5,271.5,8.93,True
ML609059730,ForestOwlet,180,270.0,273.0,8.4,True
ML609059730,ForestOwlet,181,271.5,274.5,8.05,True
ML609059730,ForestOwlet,182,273.0,276.0,7.25,True
ML609059730,ForestOwlet,183,274.5,277.5,6.74,True
ML609059730,ForestOwlet,184,276.0,279.0,6.54,True
ML609059730,ForestOwlet,185,277.5,280.5,7.92,True
ML609059730,ForestOwlet,186,279.0,282.0,8.22,True
ML609059730,ForestOwlet,187,280.5,283.5,7.11,True
ML609059730,ForestOwlet,188,282.0,285.0,4.07,True
ML609059730,ForestOwlet,189,283.5,286.5,2.94,False
ML609059730,ForestOwlet,190,285.0,288.0,3.64,True
ML609059730,ForestOwlet,191,286.5,289.5,3.92,True
ML609059730,ForestOwlet,192,288.0,291.0,3.03,True
ML609059730,ForestOwlet,193,289.5,292.5,3.44,True
ML609059730,ForestOwlet,194,291.0,294.0,3.11,True
ML609059730,ForestOwlet,195,292.5,295.5,2.91,False
ML609059730,ForestOwlet,196,294.0,297.0,3.45,True
ML609059730,ForestOwlet,197,295.5,298.5,3.76,True
ML609059730,ForestOwlet,198,297.0,300.0,3.94,True
ML609059730,ForestOwlet,199,298.5,301.5,3.76,True
ML609059730,ForestOwlet,200,300.0,303.0,4.06,True
ML609059730,ForestOwlet,201,301.5,304.5,3.79,True
ML609059730,ForestOwlet,202,303.0,306.0,3.54,True
ML609059730,ForestOwlet,203,304.5,307.5,3.96,True
ML609059730,ForestOwlet,204,306.0,309.0,4.18,True
ML609059730,ForestOwlet,205,307.5,310.5,5.43,True
ML609059730,ForestOwlet,206,309.0,312.0,4.48,True
ML609059730,ForestOwlet,207,310.5,313.5,3.67,True
ML609059730,ForestOwlet,208,312.0,315.0,3.82,True
ML609059730,ForestOwlet,209,313.5,316.5,3.97,True
ML609059730,ForestOwlet,210,315.0,318.0,4.85,True
ML609059730,ForestOwlet,211,316.5,319.5,5.23,True
ML609059730,ForestOwlet,212,318.0,321.0,6.91,True
ML609059730,ForestOwlet,213,319.5,322.5,8.41,True
ML609059730,ForestOwlet,214,321.0,324.0,5.04,True
ML609059730,ForestOwlet,215,322.5,325.5,4.45,True
ML609059730,ForestOwlet,216,324.0,327.0,5.95,True
ML609059730,ForestOwlet,217,325.5,328.5,4.84,True
ML609059730,ForestOwlet,218,327.0,330.0,4.0,True
ML609059730,ForestOwlet,219,328.5,331.5,4.32,True
ML609059730,ForestOwlet,220,330.0,333.0,5.37,True
ML609059730,ForestOwlet,221,331.5,334.5,4.75,True
ML609059730,ForestOwlet,222,333.0,336.0,3.48,True
ML609059730,ForestOwlet,223,334.5,337.5,4.53,True
ML609059730,ForestOwlet,224,336.0,339.0,4.05,True
ML609059730,ForestOwlet,225,337.5,340.5,3.59,True
ML609059730,ForestOwlet,226,339.0,342.0,4.57,True
ML609059730,ForestOwlet,227,340.5,343.5,4.59,True
ML609059730,ForestOwlet,228,342.0,345.0,6.37,True
ML609059730,ForestOwlet,229,343.5,346.5,8.34,True
ML609059730,ForestOwlet,230,345.0,348.0,8.45,True
ML609059730,ForestOwlet,231,346.5,349.5,7.9,True
ML609059730,ForestOwlet,232,348.0,351.0,8.37,True
ML609059730,ForestOwlet,233,349.5,352.5,9.55,True
ML609059730,ForestOwlet,234,351.0,354.0,10.17,True
ML609059730,ForestOwlet,235,352.5,355.5,7.36,True
ML609059730,ForestOwlet,236,354.0,357.0,3.03,True
ML609059730,ForestOwlet,237,355.5,358.5,3.08,True
ML609059730,ForestOwlet,238,357.0,360.0,3.95,True
ML609059730,ForestOwlet,239,358.5,361.5,6.52,True
ML609059730,ForestOwlet,240,360.0,363.0,7.36,True
ML609059730,ForestOwlet,241,361.5,364.5,4.12,True
ML609059730,ForestOwlet,242,363.0,366.0,1.85,False
ML609059730,ForestOwlet,243,364.5,367.5,4.65,True
ML609059730,ForestOwlet,244,366.0,369.0,6.13,True
ML609059730,ForestOwlet,245,367.5,370.5,5.61,True
ML609059730,ForestOwlet,246,369.0,372.0,4.99,True
ML609059730,ForestOwlet,247,370.5,373.5,5.11,True
ML609059730,ForestOwlet,248,372.0,375.0,5.48,True
ML609059730,ForestOwlet,249,373.5,376.5,6.21,True
ML609059730,ForestOwlet,250,375.0,378.0,5.71,True
ML609059730,ForestOwlet,251,376.5,379.5,5.3,True
ML609059730,ForestOwlet,252,378.0,381.0,4.1,True
ML609059730,ForestOwlet,253,379.5,382.5,4.35,True
ML609059730,ForestOwlet,254,381.0,384.0,5.09,True
ML609059730,ForestOwlet,255,382.5,385.5,3.98,True
ML609059730,ForestOwlet,256,384.0,387.0,5.17,True
ML609059730,ForestOwlet,257,385.5,388.5,6.98,True
ML609059730,ForestOwlet,258,387.0,390.0,4.71,True
ML609059730,ForestOwlet,259,388.5,391.5,3.33,True
ML609059730,ForestOwlet,260,390.0,393.0,3.0,False
ML609059730,ForestOwlet,261,391.5,394.5,3.24,True
ML609059730,ForestOwlet,262,393.0,396.0,3.1,True
ML609059730,ForestOwlet,263,394.5,397.5,2.86,False
ML609059730,ForestOwlet,264,396.0,399.0,2.27,False
ML609059730,ForestOwlet,265,397.5,400.5,1.24,False
ML609059730,ForestOwlet,266,399.0,402.0,1.27,False
ML609059730,ForestOwlet,267,400.5,403.5,1.45,False
ML609059730,ForestOwlet,268,402.0,405.0,1.42,False
ML609059730,ForestOwlet,269,403.5,406.5,1.8,False
ML609059730,ForestOwlet,270,405.0,408.0,2.8,False
ML609059730,ForestOwlet,271,406.5,409.5,2.59,False
ML609059730,ForestOwlet,272,408.0,411.0,2.6,False
ML609059730,ForestOwlet,273,409.5,412.5,3.11,True
ML609059730,ForestOwlet,274,411.0,414.0,3.96,True
ML609059730,ForestOwlet,275,412.5,415.5,5.43,True
ML609059730,ForestOwlet,276,414.0,417.0,6.33,True
ML609059730,ForestOwlet,277,415.5,418.5,6.54,True
ML609059730,ForestOwlet,278,417.0,420.0,6.48,True
ML609059730,ForestOwlet,279,418.5,421.5,6.22,True
ML609059730,ForestOwlet,280,420.0,423.0,-0.07,False
ML609059730,ForestOwlet,281,421.5,424.5,-2.69,False
ML609059730,ForestOwlet,282,423.0,426.0,-3.82,False
ML609059730,ForestOwlet,283,424.5,427.5,-4.65,False
ML609059730,ForestOwlet,284,426.0,429.0,-5.11,False
ML609059730,ForestOwlet,285,427.5,430.5,-2.99,False
ML609059730,ForestOwlet,286,429.0,432.0,-2.46,False
ML609059730,ForestOwlet,287,430.5,433.5,-3.68,False
ML609059730,ForestOwlet,288,432.0,435.0,-3.79,False
ML609059730,ForestOwlet,289,433.5,436.5,-6.02,False
ML609059730,ForestOwlet,290,435.0,438.0,-4.63,False
ML609059730,ForestOwlet,291,436.5,439.5,0.82,False
ML609059730,ForestOwlet,292,438.0,441.0,1.14,False
ML609059730,ForestOwlet,293,439.5,442.5,0.33,False
ML609059730,ForestOwlet,294,441.0,444.0,0.22,False
ML609059730,ForestOwlet,295,442.5,445.5,1.35,False
ML609059730,ForestOwlet,296,444.0,447.0,2.58,False
ML609059730,ForestOwlet,297,445.5,448.5,4.07,True
ML609059730,ForestOwlet,298,447.0,450.0,5.59,True
ML609059730,ForestOwlet,299,448.5,451.5,5.02,True
ML609059730,ForestOwlet,300,450.0,453.0,3.89,True
ML609059730,ForestOwlet,301,451.5,454.5,3.84,True
ML609059730,ForestOwlet,302,453.0,456.0,3.98,True
ML609059730,ForestOwlet,303,454.5,457.5,3.93,True
ML609059730,ForestOwlet,304,456.0,459.0,5.37,True
ML609059730,ForestOwlet,305,457.5,460.5,5.81,True
ML609059730,ForestOwlet,306,459.0,462.0,2.53,False
ML609059730,ForestOwlet,307,460.5,463.5,0.66,False
ML609059730,ForestOwlet,308,462.0,465.0,0.28,False
ML609059730,ForestOwlet,309,463.5,466.5,1.86,False
ML609059730,ForestOwlet,310,465.0,468.0,5.14,True
ML609059730,ForestOwlet,311,466.5,469.5,5.86,True
ML609059730,ForestOwlet,312,468.0,471.0,4.51,True
ML609059730,ForestOwlet,313,469.5,472.5,5.01,True
ML609059730,ForestOwlet,314,471.0,474.0,5.48,True
ML609059730,ForestOwlet,315,472.5,475.5,7.21,True
ML609059730,ForestOwlet,316,474.0,477.0,7.98,True
ML609059730,ForestOwlet,317,475.5,478.5,5.46,True
ML609059730,ForestOwlet,318,477.0,480.0,3.6,True
ML609059730,ForestOwlet,319,478.5,481.5,3.28,True
ML609059730,ForestOwlet,320,480.0,483.0,2.93,False
ML609059730,ForestOwlet,321,481.5,484.5,3.44,True
ML609059730,ForestOwlet,322,483.0,486.0,2.33,False
ML609059730,ForestOwlet,323,484.5,487.5,0.85,False
ML609059730,ForestOwlet,324,486.0,489.0,0.71,False
ML609059730,ForestOwlet,325,487.5,490.5,3.04,True
ML609059730,ForestOwlet,326,489.0,492.0,2.6,False
ML609059730,ForestOwlet,327,490.5,493.5,1.61,False
ML609059730,ForestOwlet,328,492.0,495.0,2.41,False
ML609059730,ForestOwlet,329,493.5,496.5,2.13,False
ML609059730,ForestOwlet,330,495.0,498.0,2.8,False
ML609059730,ForestOwlet,331,496.5,499.5,2.72,False
ML609059730,ForestOwlet,332,498.0,501.0,1.04,False
ML609059730,ForestOwlet,333,499.5,502.5,0.43,False
ML609059730,ForestOwlet,334,501.0,504.0,0.2,False
ML609059730,ForestOwlet,335,502.5,505.5,-0.1,False
ML609059730,ForestOwlet,336,504.0,507.0,-0.0,False
ML609059730,ForestOwlet,337,505.5,508.5,-0.23,False
ML609059730,ForestOwlet,338,507.0,510.0,-0.39,False
ML609059730,ForestOwlet,339,508.5,511.5,-0.03,False
ML609059730,ForestOwlet,340,510.0,513.0,0.37,False
ML609059730,ForestOwlet,341,511.5,514.5,-0.36,False
ML609059730,ForestOwlet,342,513.0,516.0,-0.6,False
ML609059730,ForestOwlet,343,514.5,517.5,-0.45,False
ML609059730,ForestOwlet,344,516.0,519.0,0.04,False
ML609059730,ForestOwlet,345,517.5,520.5,0.41,False
ML609059730,ForestOwlet,346,519.0,522.0,0.73,False
ML609059730,ForestOwlet,347,520.5,523.5,0.35,False
ML609059730,ForestOwlet,348,522.0,525.0,0.13,False
ML609059730,ForestOwlet,349,523.5,526.5,1.14,False
ML609059730,ForestOwlet,350,525.0,528.0,1.58,False
ML609059730,ForestOwlet,351,526.5,529.5,1.5,False
ML609059730,ForestOwlet,352,528.0,531.0,1.36,False
ML609059730,ForestOwlet,353,529.5,532.5,2.38,False
ML609059730,ForestOwlet,354,531.0,534.0,1.1,False
ML609059730,ForestOwlet,355,532.5,535.5,-0.14,False
ML609059730,ForestOwlet,356,534.0,537.0,0.02,False
ML609059730,ForestOwlet,357,535.5,538.5,-0.17,False
ML609059730,ForestOwlet,358,537.0,540.0,-0.08,False
ML609059730,ForestOwlet,359,538.5,541.5,0.97,False
ML609059730,ForestOwlet,360,540.0,543.0,1.0,False
ML609059730,ForestOwlet,361,541.5,544.5,0.39,False
ML609059730,ForestOwlet,362,543.0,546.0,0.66,False
ML609059730,ForestOwlet,363,544.5,547.5,1.52,False
ML609059730,ForestOwlet,364,546.0,549.0,2.98,False
ML609059730,ForestOwlet,365,547.5,550.5,5.16,True
ML609059730,ForestOwlet,366,549.0,552.0,5.77,True
ML609059730,ForestOwlet,367,550.5,553.5,5.89,True
ML609059730,ForestOwlet,368,552.0,555.0,5.24,True
ML609059730,ForestOwlet,369,553.5,556.5,2.78,False
ML609059730,ForestOwlet,370,555.0,558.0,2.83,False
ML609059730,ForestOwlet,371,556.5,559.5,3.85,True
ML609059730,ForestOwlet,372,558.0,561.0,6.73,True
ML609059730,ForestOwlet,373,559.5,562.5,8.91,True
ML609059730,ForestOwlet,374,561.0,564.0,9.29,True
ML609059730,ForestOwlet,375,562.5,565.5,12.14,True
ML609059730,ForestOwlet,376,564.0,567.0,12.49,True
ML609059730,ForestOwlet,377,565.5,568.5,14.18,True
ML609059730,ForestOwlet,378,567.0,570.0,10.61,True
ML609059730,ForestOwlet,379,568.5,571.5,3.85,True
ML609059730,ForestOwlet,380,570.0,573.0,1.24,False
ML609059730,ForestOwlet,381,571.5,574.5,0.34,False
ML609059730,ForestOwlet,382,573.0,576.0,4.03,True
ML609059730,ForestOwlet,383,574.5,577.5,8.43,True
ML609059730,ForestOwlet,384,576.0,579.0,7.13,True
ML609059730,ForestOwlet,385,577.5,580.5,5.68,True
ML609059730,ForestOwlet,386,579.0,582.0,5.77,True
ML609059730,ForestOwlet,387,580.5,583.5,7.76,True
ML609059730,ForestOwlet,388,582.0,585.0,4.24,True
ML609059730,ForestOwlet,389,583.5,586.5,-1.82,False
ML609059730,ForestOwlet,390,585.0,588.0,-1.13,False
ML609059730,ForestOwlet,391,586.5,589.5,-3.18,False
ML609059730,ForestOwlet,392,588.0,591.0,-4.04,False
ML609059730,ForestOwlet,393,589.5,592.5,-4.13,False
ML609059730,ForestOwlet,394,591.0,594.0,-4.63,False
ML609059730,ForestOwlet,395,592.5,595.5,-5.05,False
ML609059730,ForestOwlet,396,594.0,597.0,-4.35,False
ML609059730,ForestOwlet,397,595.5,598.5,-4.21,False
ML609059730,ForestOwlet,398,597.0,600.0,-4.12,False
ML609059730,ForestOwlet,399,598.5,601.5,-3.83,False
ML609059730,ForestOwlet,400,600.0,603.0,-3.99,False
ML609059730,ForestOwlet,401,601.5,604.5,-4.42,False
ML609059730,ForestOwlet,402,603.0,606.0,-2.93,False
ML609059730,ForestOwlet,403,604.5,607.5,-2.18,False
ML609059730,ForestOwlet,404,606.0,609.0,-2.85,False
ML609059730,ForestOwlet,405,607.5,610.5,-3.43,False
ML609059730,ForestOwlet,406,609.0,612.0,-3.58,False
ML609059730,ForestOwlet,407,610.5,613.5,-3.2,False
ML609059730,ForestOwlet,408,612.0,615.0,1.58,False
ML609059730,ForestOwlet,409,613.5,616.5,3.06,True
ML609059730,ForestOwlet,410,615.0,618.0,2.19,False
ML609059730,ForestOwlet,411,616.5,619.5,2.69,False
ML609059730,ForestOwlet,412,618.0,621.0,2.61,False
ML609059730,ForestOwlet,413,619.5,622.5,3.87,True
ML609059730,ForestOwlet,414,621.0,624.0,6.55,True
ML609059730,ForestOwlet,415,622.5,625.5,11.75,True
ML609059730,ForestOwlet,416,624.0,627.0,12.73,True
ML609059730,ForestOwlet,417,625.5,628.5,9.24,True
ML609059730,ForestOwlet,418,627.0,630.0,8.47,True
ML609059730,ForestOwlet,419,628.5,631.5,8.3,True
ML609059730,ForestOwlet,420,630.0,633.0,11.67,True
ML609059730,ForestOwlet,421,631.5,634.5,9.08,True
ML609059730,ForestOwlet,422,633.0,636.0,1.99,False
ML609059730,ForestOwlet,423,634.5,637.5,1.74,False
ML609059730,ForestOwlet,424,636.0,639.0,1.43,False
ML609059730,ForestOwlet,425,637.5,640.5,1.61,False
ML609059730,ForestOwlet,426,639.0,642.0,1.71,False
ML609059730,ForestOwlet,427,640.5,643.5,2.25,False
ML609059730,ForestOwlet,428,642.0,645.0,3.27,True
ML609059730,ForestOwlet,429,643.5,646.5,2.62,False
ML609059730,ForestOwlet,430,645.0,648.0,2.07,False
ML609059730,ForestOwlet,431,646.5,649.5,3.39,True
ML609059730,ForestOwlet,432,648.0,651.0,7.97,True
ML609059730,ForestOwlet,433,649.5,652.5,12.2,True
ML609603557,ForestOwlet,0,0.0,3.0,2.75,False
ML609603557,ForestOwlet,1,1.5,4.5,4.03,True
ML609603557,ForestOwlet,2,3.0,6.0,6.03,True
ML609603557,ForestOwlet,3,4.5,7.5,6.35,True
ML609603557,ForestOwlet,4,6.0,9.0,1.63,False
ML609603557,ForestOwlet,5,7.5,10.5,0.99,False
ML609603557,ForestOwlet,6,9.0,12.0,1.17,False
ML609603557,ForestOwlet,7,10.5,13.5,1.7,False
ML609603557,ForestOwlet,8,12.0,15.0,2.11,False
ML609603557,ForestOwlet,9,13.5,16.5,1.31,False
ML609603557,ForestOwlet,10,15.0,18.0,1.1,False
ML609603557,ForestOwlet,11,16.5,19.5,1.22,False
ML609603557,ForestOwlet,12,18.0,21.0,1.21,False
ML609603557,ForestOwlet,13,19.5,22.5,0.92,False
ML609603557,ForestOwlet,14,21.0,24.0,0.73,False
ML609603557,ForestOwlet,15,22.5,25.5,1.12,False
ML609603557,ForestOwlet,16,24.0,27.0,1.26,False
ML609603557,ForestOwlet,17,25.5,28.5,0.98,False
ML609603557,ForestOwlet,18,27.0,30.0,0.78,False
ML609603557,ForestOwlet,19,28.5,31.5,0.78,False
ML609603557,ForestOwlet,20,30.0,33.0,0.71,False
ML609603557,ForestOwlet,21,31.5,34.5,0.71,False
ML609603557,ForestOwlet,22,33.0,36.0,0.97,False
ML609603557,ForestOwlet,23,34.5,37.5,1.58,False
ML609603557,ForestOwlet,24,36.0,39.0,1.88,False
ML609603557,ForestOwlet,25,37.5,40.5,3.12,True
ML609603557,ForestOwlet,26,39.0,42.0,3.49,True
ML609603557,ForestOwlet,27,40.5,43.5,3.35,True
ML609604454,ForestOwlet,0,0.0,3.0,0.75,False
ML609604454,ForestOwlet,1,1.5,4.5,2.22,False
ML609604454,ForestOwlet,2,3.0,6.0,2.95,False
ML609604454,ForestOwlet,3,4.5,7.5,2.99,True
ML609604454,ForestOwlet,4,6.0,9.0,2.58,False
ML609604454,ForestOwlet,5,7.5,10.5,2.51,False
ML609604454,ForestOwlet,6,9.0,12.0,1.86,False
ML613931527,ForestOwlet,0,0.0,3.0,0.78,False
ML613931527,ForestOwlet,1,1.5,4.5,0.12,False
ML613931527,ForestOwlet,2,3.0,6.0,0.3,False
ML613931527,ForestOwlet,3,4.5,7.5,-0.08,False
ML613931527,ForestOwlet,4,6.0,9.0,0.18,False
ML613931527,ForestOwlet,5,7.5,10.5,0.44,False
ML613931527,ForestOwlet,6,9.0,12.0,-0.36,False
ML613931527,ForestOwlet,7,10.5,13.5,0.42,False
ML613931527,ForestOwlet,8,12.0,15.0,2.19,False
ML613931527,ForestOwlet,9,13.5,16.5,2.48,False
ML613931527,ForestOwlet,10,15.0,18.0,4.14,True
ML613931527,ForestOwlet,11,16.5,19.5,4.22,True
ML613931527,ForestOwlet,12,18.0,21.0,1.77,False
ML613931527,ForestOwlet,13,19.5,22.5,2.19,False
ML613931527,ForestOwlet,14,21.0,24.0,2.71,False
ML613931527,ForestOwlet,15,22.5,25.5,3.33,True
ML613931527,ForestOwlet,16,24.0,27.0,4.39,True
ML613931527,ForestOwlet,17,25.5,28.5,4.71,True
ML613931527,ForestOwlet,18,27.0,30.0,5.0,True
ML613931527,ForestOwlet,19,28.5,31.5,6.66,True
ML613931527,ForestOwlet,20,30.0,33.0,7.33,True
ML613931527,ForestOwlet,21,31.5,34.5,9.05,True
ML613931527,ForestOwlet,22,33.0,36.0,8.95,True
ML613931527,ForestOwlet,23,34.5,37.5,7.11,True
ML613931527,ForestOwlet,24,36.0,39.0,7.93,True
ML613931527,ForestOwlet,25,37.5,40.5,10.22,True
ML613931527,ForestOwlet,26,39.0,42.0,10.73,True
ML613931527,ForestOwlet,27,40.5,43.5,9.42,True
ML613931527,ForestOwlet,28,42.0,45.0,8.6,True
ML613931527,ForestOwlet,29,43.5,46.5,8.34,True
ML613931527,ForestOwlet,30,45.0,48.0,8.37,True
ML613931527,ForestOwlet,31,46.5,49.5,9.85,True
ML613931527,ForestOwlet,32,48.0,51.0,10.99,True
ML613931527,ForestOwlet,33,49.5,52.5,11.41,True
ML613931527,ForestOwlet,34,51.0,54.0,9.87,True
ML613931527,ForestOwlet,35,52.5,55.5,8.46,True
ML613931527,ForestOwlet,36,54.0,57.0,8.21,True
ML613931527,ForestOwlet,37,55.5,58.5,8.87,True
ML613931527,ForestOwlet,38,57.0,60.0,11.2,True
ML613931527,ForestOwlet,39,58.5,61.5,12.74,True
ML613931527,ForestOwlet,40,60.0,63.0,12.65,True
ML613931527,ForestOwlet,41,61.5,64.5,12.71,True
ML613931527,ForestOwlet,42,63.0,66.0,13.73,True
ML613931527,ForestOwlet,43,64.5,67.5,14.0,True
ML613931527,ForestOwlet,44,66.0,69.0,13.84,True
ML613931527,ForestOwlet,45,67.5,70.5,12.89,True
ML614545354,ForestOwlet,0,0.0,3.0,3.54,True
ML614545354,ForestOwlet,1,1.5,4.5,2.3,False
ML614545354,ForestOwlet,2,3.0,6.0,2.74,False
ML614545354,ForestOwlet,3,4.5,7.5,2.5,False
ML614545354,ForestOwlet,4,6.0,9.0,2.17,False
ML614545354,ForestOwlet,5,7.5,10.5,1.87,False
ML614545354,ForestOwlet,6,9.0,12.0,1.27,False
ML614545354,ForestOwlet,7,10.5,13.5,2.59,False
ML614545354,ForestOwlet,8,12.0,15.0,8.55,True
ML614545354,ForestOwlet,9,13.5,16.5,7.33,True
ML614545354,ForestOwlet,10,15.0,18.0,5.08,True
ML614545354,ForestOwlet,11,16.5,19.5,5.11,True
ML614545354,ForestOwlet,12,18.0,21.0,5.65,True
ML614545354,ForestOwlet,13,19.5,22.5,6.06,True
ML614545354,ForestOwlet,14,21.0,24.0,7.64,True
ML614545354,ForestOwlet,15,22.5,25.5,10.36,True
ML614545354,ForestOwlet,16,24.0,27.0,12.48,True
ML614545354,ForestOwlet,17,25.5,28.5,6.88,True
ML614545354,ForestOwlet,18,27.0,30.0,7.04,True
ML614545354,ForestOwlet,19,28.5,31.5,2.61,False
ML614545354,ForestOwlet,20,30.0,33.0,-0.3,False
ML614545354,ForestOwlet,21,31.5,34.5,0.51,False
ML614545354,ForestOwlet,22,33.0,36.0,3.21,True
ML614545354,ForestOwlet,23,34.5,37.5,8.66,True
ML614545354,ForestOwlet,24,36.0,39.0,13.44,True
ML614545354,ForestOwlet,25,37.5,40.5,12.33,True
ML614545354,ForestOwlet,26,39.0,42.0,11.99,True
ML614545354,ForestOwlet,27,40.5,43.5,6.68,True
ML614545354,ForestOwlet,28,42.0,45.0,3.25,True
ML614545354,ForestOwlet,29,43.5,46.5,4.24,True
ML614545354,ForestOwlet,30,45.0,48.0,5.63,True
ML614545354,ForestOwlet,31,46.5,49.5,3.69,True
ML614545354,ForestOwlet,32,48.0,51.0,2.84,False
ML614545354,ForestOwlet,33,49.5,52.5,7.22,True
ML614545354,ForestOwlet,34,51.0,54.0,9.48,True
ML616332700,ForestOwlet,0,0.0,3.0,3.48,True
ML616332700,ForestOwlet,1,1.5,4.5,2.92,False
ML616332700,ForestOwlet,2,3.0,6.0,2.28,False
ML616332700,ForestOwlet,3,4.5,7.5,1.6,False
ML621329694,ForestOwlet,0,0.0,3.0,3.08,True
ML621329694,ForestOwlet,1,1.5,4.5,4.38,True
ML621329694,ForestOwlet,2,3.0,6.0,3.55,True
ML621329694,ForestOwlet,3,4.5,7.5,3.42,True
ML621329694,ForestOwlet,4,6.0,9.0,2.49,False
ML621329694,ForestOwlet,5,7.5,10.5,1.61,False
ML621329694,ForestOwlet,6,9.0,12.0,1.74,False
ML621329694,ForestOwlet,7,10.5,13.5,1.83,False
ML621329694,ForestOwlet,8,12.0,15.0,1.21,False
ML621329694,ForestOwlet,9,13.5,16.5,1.54,False
ML621329694,ForestOwlet,10,15.0,18.0,2.56,False
ML621329694,ForestOwlet,11,16.5,19.5,4.45,True
ML621329694,ForestOwlet,12,18.0,21.0,2.72,False
ML621329694,ForestOwlet,13,19.5,22.5,2.33,False
ML621329694,ForestOwlet,14,21.0,24.0,2.72,False
ML621329694,ForestOwlet,15,22.5,25.5,2.15,False
ML621329694,ForestOwlet,16,24.0,27.0,3.73,True
ML621329694,ForestOwlet,17,25.5,28.5,4.63,True
ML621329694,ForestOwlet,18,27.0,30.0,4.71,True
ML624533493,ForestOwlet,0,0.0,3.0,2.85,False
ML624533493,ForestOwlet,1,1.5,4.5,5.25,True
ML628301727,ForestOwlet,0,0.0,3.0,24.24,True
ML628301727,ForestOwlet,1,1.5,4.5,22.34,True
ML628301727,ForestOwlet,2,3.0,6.0,19.69,True
ML628301727,ForestOwlet,3,4.5,7.5,17.3,True
ML628301727,ForestOwlet,4,6.0,9.0,4.5,True
ML628301727,ForestOwlet,5,7.5,10.5,0.26,False
ML628301727,ForestOwlet,6,9.0,12.0,0.26,False
ML628301727,ForestOwlet,7,10.5,13.5,1.69,False
ML628301727,ForestOwlet,8,12.0,15.0,1.21,False
ML628301727,ForestOwlet,9,13.5,16.5,0.11,False
ML628301727,ForestOwlet,10,15.0,18.0,0.58,False
ML628301727,ForestOwlet,11,16.5,19.5,1.04,False
ML628301727,ForestOwlet,12,18.0,21.0,1.4,False
ML628301727,ForestOwlet,13,19.5,22.5,1.79,False
ML628301727,ForestOwlet,14,21.0,24.0,3.88,True
ML628301727,ForestOwlet,15,22.5,25.5,4.55,True
ML628301727,ForestOwlet,16,24.0,27.0,4.33,True
ML628301727,ForestOwlet,17,25.5,28.5,3.54,True
ML628301727,ForestOwlet,18,27.0,30.0,3.54,True
ML628301727,ForestOwlet,19,28.5,31.5,4.82,True
ML628301727,ForestOwlet,20,30.0,33.0,9.62,True
ML628301727,ForestOwlet,21,31.5,34.5,17.13,True
ML628301727,ForestOwlet,22,33.0,36.0,20.78,True
ML628301727,ForestOwlet,23,34.5,37.5,20.65,True
ML628301727,ForestOwlet,24,36.0,39.0,14.1,True
ML628301727,ForestOwlet,25,37.5,40.5,4.12,True
ML628340386,ForestOwlet,0,0.0,3.0,3.26,True
ML628340386,ForestOwlet,1,1.5,4.5,2.64,False
ML628340386,ForestOwlet,2,3.0,6.0,1.79,False
ML628340386,ForestOwlet,3,4.5,7.5,0.67,False
ML628340386,ForestOwlet,4,6.0,9.0,0.57,False
ML85341811,ForestOwlet,0,0.0,3.0,6.86,True
ML85341811,ForestOwlet,1,1.5,4.5,5.85,True
ML85341811,ForestOwlet,2,3.0,6.0,7.35,True
ML85341811,ForestOwlet,3,4.5,7.5,8.32,True
ML85341811,ForestOwlet,4,6.0,9.0,8.68,True
ML85341811,ForestOwlet,5,7.5,10.5,6.42,True
ML85341811,ForestOwlet,6,9.0,12.0,5.58,True
ML85341811,ForestOwlet,7,10.5,13.5,6.2,True
ML85341811,ForestOwlet,8,12.0,15.0,4.9,True
ML85341811,ForestOwlet,9,13.5,16.5,1.81,False
ML85341811,ForestOwlet,10,15.0,18.0,0.01,False
ML85341811,ForestOwlet,11,16.5,19.5,0.58,False
ML85341811,ForestOwlet,12,18.0,21.0,0.85,False
ML85341811,ForestOwlet,13,19.5,22.5,0.73,False
ML85341811,ForestOwlet,14,21.0,24.0,2.81,False
ML85341811,ForestOwlet,15,22.5,25.5,4.93,True
ML85341811,ForestOwlet,16,24.0,27.0,4.36,True
ML85341811,ForestOwlet,17,25.5,28.5,3.67,True
XC826431,BanasuraLaughingthrush,0,0.0,3.0,9.21,True
XC826431,BanasuraLaughingthrush,1,1.5,4.5,9.37,True
XC826431,BanasuraLaughingthrush,2,3.0,6.0,10.12,True
XC826431,BanasuraLaughingthrush,3,4.5,7.5,11.1,True
XC826431,BanasuraLaughingthrush,4,6.0,9.0,11.25,True
XC826431,BanasuraLaughingthrush,5,7.5,10.5,11.27,True
XC826431,BanasuraLaughingthrush,6,9.0,12.0,10.27,True
XC826431,BanasuraLaughingthrush,7,10.5,13.5,11.03,True
XC826431,BanasuraLaughingthrush,8,12.0,15.0,15.42,True
XC826431,BanasuraLaughingthrush,9,13.5,16.5,16.37,True
XC826431,BanasuraLaughingthrush,10,15.0,18.0,15.82,True
XC826431,BanasuraLaughingthrush,11,16.5,19.5,14.0,True
XC826431,BanasuraLaughingthrush,12,18.0,21.0,12.08,True
XC826431,BanasuraLaughingthrush,13,19.5,22.5,3.19,True
XC826431,BanasuraLaughingthrush,14,21.0,24.0,2.18,False
XC826431,BanasuraLaughingthrush,15,22.5,25.5,8.25,True
XC826431,BanasuraLaughingthrush,16,24.0,27.0,12.36,True
XC826431,BanasuraLaughingthrush,17,25.5,28.5,13.43,True
XC826431,BanasuraLaughingthrush,18,27.0,30.0,14.62,True
XC826431,BanasuraLaughingthrush,19,28.5,31.5,15.63,True
XC826431,BanasuraLaughingthrush,20,30.0,33.0,13.92,True
XC826431,BanasuraLaughingthrush,21,31.5,34.5,4.56,True
XC826431,BanasuraLaughingthrush,22,33.0,36.0,7.53,True
XC826431,BanasuraLaughingthrush,23,34.5,37.5,18.54,True
XC826431,BanasuraLaughingthrush,24,36.0,39.0,12.31,True
XC826431,BanasuraLaughingthrush,25,37.5,40.5,9.01,True
XC826431,BanasuraLaughingthrush,26,39.0,42.0,11.86,True
XC826431,BanasuraLaughingthrush,27,40.5,43.5,15.65,True
XC826431,BanasuraLaughingthrush,28,42.0,45.0,15.76,True
XC826431,BanasuraLaughingthrush,29,43.5,46.5,16.05,True
XC826431,BanasuraLaughingthrush,30,45.0,48.0,15.73,True
XC826431,BanasuraLaughingthrush,31,46.5,49.5,15.6,True
XC826432,BanasuraLaughingthrush,0,0.0,3.0,21.3,True
XC826432,BanasuraLaughingthrush,1,1.5,4.5,21.27,True
XC826432,BanasuraLaughingthrush,2,3.0,6.0,21.59,True
XC826432,BanasuraLaughingthrush,3,4.5,7.5,16.9,True
XC545768,BanasuraLaughingthrush,0,0.0,3.0,131.67,True
ML135364551,BanasuraLaughingthrush,0,0.0,3.0,29.14,True
ML135364551,BanasuraLaughingthrush,1,1.5,4.5,29.48,True
ML135364551,BanasuraLaughingthrush,2,3.0,6.0,28.47,True
ML135364551,BanasuraLaughingthrush,3,4.5,7.5,29.3,True
ML135364551,BanasuraLaughingthrush,4,6.0,9.0,23.82,True
ML135364551,BanasuraLaughingthrush,5,7.5,10.5,5.18,True
ML135364551,BanasuraLaughingthrush,6,9.0,12.0,3.46,True
ML135364551,BanasuraLaughingthrush,7,10.5,13.5,1.61,False
ML135364551,BanasuraLaughingthrush,8,12.0,15.0,1.28,False
ML135364551,BanasuraLaughingthrush,9,13.5,16.5,1.2,False
ML135364551,BanasuraLaughingthrush,10,15.0,18.0,1.92,False
ML135364551,BanasuraLaughingthrush,11,16.5,19.5,1.79,False
ML135364551,BanasuraLaughingthrush,12,18.0,21.0,1.74,False
ML135364551,BanasuraLaughingthrush,13,19.5,22.5,1.7,False
ML135364551,BanasuraLaughingthrush,14,21.0,24.0,2.61,False
ML135364551,BanasuraLaughingthrush,15,22.5,25.5,13.56,True
ML135364551,BanasuraLaughingthrush,16,24.0,27.0,22.72,True
ML135364561,BanasuraLaughingthrush,0,0.0,3.0,14.18,True
ML135364561,BanasuraLaughingthrush,1,1.5,4.5,14.76,True
ML135364561,BanasuraLaughingthrush,2,3.0,6.0,3.64,True
ML135364561,BanasuraLaughingthrush,3,4.5,7.5,2.96,False
ML135364561,BanasuraLaughingthrush,4,6.0,9.0,3.36,True
ML135364561,BanasuraLaughingthrush,5,7.5,10.5,4.32,True
ML135364561,BanasuraLaughingthrush,6,9.0,12.0,4.64,True
ML135364561,BanasuraLaughingthrush,7,10.5,13.5,3.76,True
ML135364561,BanasuraLaughingthrush,8,12.0,15.0,3.15,True
ML135364561,BanasuraLaughingthrush,9,13.5,16.5,2.38,False
ML135364561,BanasuraLaughingthrush,10,15.0,18.0,1.9,False
ML135364561,BanasuraLaughingthrush,11,16.5,19.5,1.9,False
ML135364561,BanasuraLaughingthrush,12,18.0,21.0,2.15,False
ML135364561,BanasuraLaughingthrush,13,19.5,22.5,2.26,False
ML135364561,BanasuraLaughingthrush,14,21.0,24.0,1.97,False
ML135364561,BanasuraLaughingthrush,15,22.5,25.5,1.73,False
ML135364561,BanasuraLaughingthrush,16,24.0,27.0,1.94,False
ML135364561,BanasuraLaughingthrush,17,25.5,28.5,2.02,False
ML135364561,BanasuraLaughingthrush,18,27.0,30.0,2.32,False
ML135364561,BanasuraLaughingthrush,19,28.5,31.5,2.61,False
ML135364561,BanasuraLaughingthrush,20,30.0,33.0,2.27,False
ML135364561,BanasuraLaughingthrush,21,31.5,34.5,1.73,False
ML135364561,BanasuraLaughingthrush,22,33.0,36.0,1.84,False
ML135364561,BanasuraLaughingthrush,23,34.5,37.5,1.23,False
ML135364561,BanasuraLaughingthrush,24,36.0,39.0,1.6,False
ML135364561,BanasuraLaughingthrush,25,37.5,40.5,1.95,False
ML135364561,BanasuraLaughingthrush,26,39.0,42.0,1.67,False
ML135364561,BanasuraLaughingthrush,27,40.5,43.5,1.83,False
ML135364561,BanasuraLaughingthrush,28,42.0,45.0,1.75,False
ML135364561,BanasuraLaughingthrush,29,43.5,46.5,1.57,False
ML135364561,BanasuraLaughingthrush,30,45.0,48.0,2.01,False
ML135364561,BanasuraLaughingthrush,31,46.5,49.5,31.88,True
ML135364561,BanasuraLaughingthrush,32,48.0,51.0,36.38,True
ML223541561,BanasuraLaughingthrush,0,0.0,3.0,131.67,True
ML224082991,BanasuraLaughingthrush,0,0.0,3.0,5.63,True
ML224082991,BanasuraLaughingthrush,1,1.5,4.5,4.66,True
ML224082991,BanasuraLaughingthrush,2,3.0,6.0,5.73,True
ML224082991,BanasuraLaughingthrush,3,4.5,7.5,3.89,True
ML224082991,BanasuraLaughingthrush,4,6.0,9.0,1.87,False
ML224082991,BanasuraLaughingthrush,5,7.5,10.5,2.37,False
ML224082991,BanasuraLaughingthrush,6,9.0,12.0,2.66,False
ML224082991,BanasuraLaughingthrush,7,10.5,13.5,2.91,False
ML224082991,BanasuraLaughingthrush,8,12.0,15.0,2.79,False
ML224082991,BanasuraLaughingthrush,9,13.5,16.5,2.93,False
ML224082991,BanasuraLaughingthrush,10,15.0,18.0,2.96,False
ML224082991,BanasuraLaughingthrush,11,16.5,19.5,2.3,False
ML224082991,BanasuraLaughingthrush,12,18.0,21.0,2.49,False
ML224083701,BanasuraLaughingthrush,0,0.0,3.0,3.53,True
ML224083701,BanasuraLaughingthrush,1,1.5,4.5,6.52,True
ML224083701,BanasuraLaughingthrush,2,3.0,6.0,11.14,True
ML224083701,BanasuraLaughingthrush,3,4.5,7.5,13.0,True
ML224083701,BanasuraLaughingthrush,4,6.0,9.0,12.58,True
ML224083701,BanasuraLaughingthrush,5,7.5,10.5,12.09,True
ML224083701,BanasuraLaughingthrush,6,9.0,12.0,12.49,True
ML224083701,BanasuraLaughingthrush,7,10.5,13.5,13.66,True
ML224083701,BanasuraLaughingthrush,8,12.0,15.0,13.36,True
ML224083701,BanasuraLaughingthrush,9,13.5,16.5,11.64,True
ML224083701,BanasuraLaughingthrush,10,15.0,18.0,11.19,True
ML224083701,BanasuraLaughingthrush,11,16.5,19.5,12.79,True
ML224083701,BanasuraLaughingthrush,12,18.0,21.0,12.65,True
ML224083701,BanasuraLaughingthrush,13,19.5,22.5,10.51,True
ML224083701,BanasuraLaughingthrush,14,21.0,24.0,7.46,True
ML224083701,BanasuraLaughingthrush,15,22.5,25.5,7.51,True
ML224083701,BanasuraLaughingthrush,16,24.0,27.0,6.93,True
ML224083701,BanasuraLaughingthrush,17,25.5,28.5,3.89,True
ML224083701,BanasuraLaughingthrush,18,27.0,30.0,4.46,True
ML224083701,BanasuraLaughingthrush,19,28.5,31.5,5.06,True
ML224083701,BanasuraLaughingthrush,20,30.0,33.0,7.63,True
ML224083701,BanasuraLaughingthrush,21,31.5,34.5,3.62,True
ML224083701,BanasuraLaughingthrush,22,33.0,36.0,4.74,True
ML224083701,BanasuraLaughingthrush,23,34.5,37.5,6.62,True
ML224083701,BanasuraLaughingthrush,24,36.0,39.0,3.33,True
ML224083701,BanasuraLaughingthrush,25,37.5,40.5,3.57,True
ML224083701,BanasuraLaughingthrush,26,39.0,42.0,5.34,True
ML224083701,BanasuraLaughingthrush,27,40.5,43.5,12.46,True
ML224083701,BanasuraLaughingthrush,28,42.0,45.0,14.16,True
ML224083701,BanasuraLaughingthrush,29,43.5,46.5,9.44,True
ML224083701,BanasuraLaughingthrush,30,45.0,48.0,8.74,True
ML224083701,BanasuraLaughingthrush,31,46.5,49.5,9.7,True
ML224083701,BanasuraLaughingthrush,32,48.0,51.0,9.1,True
ML224083701,BanasuraLaughingthrush,33,49.5,52.5,8.06,True
ML224083701,BanasuraLaughingthrush,34,51.0,54.0,7.53,True
ML224083701,BanasuraLaughingthrush,35,52.5,55.5,7.37,True
ML224083701,BanasuraLaughingthrush,36,54.0,57.0,7.73,True
ML224083701,BanasuraLaughingthrush,37,55.5,58.5,6.41,True
ML224083701,BanasuraLaughingthrush,38,57.0,60.0,6.66,True
ML224083701,BanasuraLaughingthrush,39,58.5,61.5,7.56,True
ML224083701,BanasuraLaughingthrush,40,60.0,63.0,12.38,True
ML224086061,BanasuraLaughingthrush,0,0.0,3.0,7.21,True
ML224086061,BanasuraLaughingthrush,1,1.5,4.5,6.34,True
ML224086061,BanasuraLaughingthrush,2,3.0,6.0,6.34,True
ML224086061,BanasuraLaughingthrush,3,4.5,7.5,2.98,False
ML224086061,BanasuraLaughingthrush,4,6.0,9.0,2.48,False
ML224086061,BanasuraLaughingthrush,5,7.5,10.5,6.32,True
ML224086061,BanasuraLaughingthrush,6,9.0,12.0,6.3,True
ML224086061,BanasuraLaughingthrush,7,10.5,13.5,5.07,True
ML224086061,BanasuraLaughingthrush,8,12.0,15.0,3.96,True
ML224086061,BanasuraLaughingthrush,9,13.5,16.5,6.07,True
ML224086061,BanasuraLaughingthrush,10,15.0,18.0,5.8,True
ML224086061,BanasuraLaughingthrush,11,16.5,19.5,6.85,True
ML224086061,BanasuraLaughingthrush,12,18.0,21.0,6.49,True
ML224086061,BanasuraLaughingthrush,13,19.5,22.5,2.4,False
ML224086601,BanasuraLaughingthrush,0,0.0,3.0,1.6,False
ML224086601,BanasuraLaughingthrush,1,1.5,4.5,3.97,True
ML224086601,BanasuraLaughingthrush,2,3.0,6.0,8.97,True
ML224086601,BanasuraLaughingthrush,3,4.5,7.5,11.32,True
ML224086601,BanasuraLaughingthrush,4,6.0,9.0,7.18,True
ML224086601,BanasuraLaughingthrush,5,7.5,10.5,7.71,True
ML224086601,BanasuraLaughingthrush,6,9.0,12.0,10.08,True
ML224086601,BanasuraLaughingthrush,7,10.5,13.5,13.0,True
ML224086601,BanasuraLaughingthrush,8,12.0,15.0,15.63,True
ML224086601,BanasuraLaughingthrush,9,13.5,16.5,16.8,True
ML224086601,BanasuraLaughingthrush,10,15.0,18.0,15.23,True
ML224086601,BanasuraLaughingthrush,11,16.5,19.5,12.16,True
ML224086601,BanasuraLaughingthrush,12,18.0,21.0,12.7,True
ML224086601,BanasuraLaughingthrush,13,19.5,22.5,14.95,True
ML224086601,BanasuraLaughingthrush,14,21.0,24.0,12.16,True
ML224086601,BanasuraLaughingthrush,15,22.5,25.5,5.34,True
ML224086601,BanasuraLaughingthrush,16,24.0,27.0,3.74,True
ML224086601,BanasuraLaughingthrush,17,25.5,28.5,9.0,True
ML224086601,BanasuraLaughingthrush,18,27.0,30.0,12.11,True
ML224086601,BanasuraLaughingthrush,19,28.5,31.5,11.51,True
ML224086601,BanasuraLaughingthrush,20,30.0,33.0,7.86,True
ML224086601,BanasuraLaughingthrush,21,31.5,34.5,8.51,True
ML224086601,BanasuraLaughingthrush,22,33.0,36.0,10.48,True
ML224086601,BanasuraLaughingthrush,23,34.5,37.5,7.61,True
ML224086601,BanasuraLaughingthrush,24,36.0,39.0,7.62,True
ML224086601,BanasuraLaughingthrush,25,37.5,40.5,10.02,True
ML224086601,BanasuraLaughingthrush,26,39.0,42.0,7.26,True
ML224086601,BanasuraLaughingthrush,27,40.5,43.5,5.09,True
ML224086811,BanasuraLaughingthrush,0,0.0,3.0,4.19,True
ML224086811,BanasuraLaughingthrush,1,1.5,4.5,7.09,True
ML224086811,BanasuraLaughingthrush,2,3.0,6.0,11.52,True
ML224086811,BanasuraLaughingthrush,3,4.5,7.5,9.25,True
ML224086811,BanasuraLaughingthrush,4,6.0,9.0,7.73,True
ML224086811,BanasuraLaughingthrush,5,7.5,10.5,8.63,True
ML224086811,BanasuraLaughingthrush,6,9.0,12.0,12.87,True
ML224086811,BanasuraLaughingthrush,7,10.5,13.5,13.97,True
ML224086811,BanasuraLaughingthrush,8,12.0,15.0,15.44,True
ML224086811,BanasuraLaughingthrush,9,13.5,16.5,14.7,True
ML224086811,BanasuraLaughingthrush,10,15.0,18.0,8.05,True
ML224086811,BanasuraLaughingthrush,11,16.5,19.5,5.78,True
ML224086811,BanasuraLaughingthrush,12,18.0,21.0,4.97,True
ML224086811,BanasuraLaughingthrush,13,19.5,22.5,4.91,True
ML224086811,BanasuraLaughingthrush,14,21.0,24.0,4.4,True
ML224086811,BanasuraLaughingthrush,15,22.5,25.5,4.4,True
ML224086811,BanasuraLaughingthrush,16,24.0,27.0,4.77,True
ML224086811,BanasuraLaughingthrush,17,25.5,28.5,3.43,True
ML224086811,BanasuraLaughingthrush,18,27.0,30.0,-0.25,False
ML224086811,BanasuraLaughingthrush,19,28.5,31.5,1.13,False
ML224086811,BanasuraLaughingthrush,20,30.0,33.0,3.87,True
ML224087701,BanasuraLaughingthrush,0,0.0,3.0,5.68,True
ML224087701,BanasuraLaughingthrush,1,1.5,4.5,5.65,True
ML224087701,BanasuraLaughingthrush,2,3.0,6.0,10.29,True
ML224087701,BanasuraLaughingthrush,3,4.5,7.5,9.13,True
ML224087701,BanasuraLaughingthrush,4,6.0,9.0,6.31,True
ML224087701,BanasuraLaughingthrush,5,7.5,10.5,7.58,True
ML224087701,BanasuraLaughingthrush,6,9.0,12.0,8.76,True
ML224087701,BanasuraLaughingthrush,7,10.5,13.5,8.8,True
ML224087701,BanasuraLaughingthrush,8,12.0,15.0,6.76,True
ML224087701,BanasuraLaughingthrush,9,13.5,16.5,3.0,False
ML224087701,BanasuraLaughingthrush,10,15.0,18.0,3.46,True
ML224087701,BanasuraLaughingthrush,11,16.5,19.5,6.91,True
ML224087701,BanasuraLaughingthrush,12,18.0,21.0,5.31,True
ML224087701,BanasuraLaughingthrush,13,19.5,22.5,0.83,False
ML224087701,BanasuraLaughingthrush,14,21.0,24.0,10.67,True
ML224087701,BanasuraLaughingthrush,15,22.5,25.5,12.65,True
ML224087701,BanasuraLaughingthrush,16,24.0,27.0,9.29,True
ML224087701,BanasuraLaughingthrush,17,25.5,28.5,7.07,True
ML224087701,BanasuraLaughingthrush,18,27.0,30.0,12.07,True
ML224087701,BanasuraLaughingthrush,19,28.5,31.5,10.52,True
ML224087701,BanasuraLaughingthrush,20,30.0,33.0,7.34,True
ML224087701,BanasuraLaughingthrush,21,31.5,34.5,9.57,True
ML224087701,BanasuraLaughingthrush,22,33.0,36.0,6.31,True
ML224087701,BanasuraLaughingthrush,23,34.5,37.5,1.02,False
ML224087701,BanasuraLaughingthrush,24,36.0,39.0,3.92,True
ML224087701,BanasuraLaughingthrush,25,37.5,40.5,5.54,True
ML224087701,BanasuraLaughingthrush,26,39.0,42.0,1.61,False
ML224087701,BanasuraLaughingthrush,27,40.5,43.5,2.06,False
ML224088871,BanasuraLaughingthrush,0,0.0,3.0,121.48,True
ML224088871,BanasuraLaughingthrush,1,1.5,4.5,125.09,True
ML224088871,BanasuraLaughingthrush,2,3.0,6.0,126.81,True
ML224088871,BanasuraLaughingthrush,3,4.5,7.5,123.22,True
ML224088871,BanasuraLaughingthrush,4,6.0,9.0,118.89,True
ML224088871,BanasuraLaughingthrush,5,7.5,10.5,0.0,False
ML224090711,BanasuraLaughingthrush,0,0.0,3.0,8.14,True
ML224090711,BanasuraLaughingthrush,1,1.5,4.5,4.59,True
ML224090711,BanasuraLaughingthrush,2,3.0,6.0,2.65,False
ML224090711,BanasuraLaughingthrush,3,4.5,7.5,1.36,False
ML224090711,BanasuraLaughingthrush,4,6.0,9.0,3.35,True
ML224090711,BanasuraLaughingthrush,5,7.5,10.5,3.83,True
ML224090711,BanasuraLaughingthrush,6,9.0,12.0,1.75,False
ML224090711,BanasuraLaughingthrush,7,10.5,13.5,2.45,False
ML224090711,BanasuraLaughingthrush,8,12.0,15.0,2.64,False
ML224090711,BanasuraLaughingthrush,9,13.5,16.5,2.13,False
ML224090711,BanasuraLaughingthrush,10,15.0,18.0,1.36,False
ML224090711,BanasuraLaughingthrush,11,16.5,19.5,3.23,True
ML224090711,BanasuraLaughingthrush,12,18.0,21.0,4.09,True
ML224090711,BanasuraLaughingthrush,13,19.5,22.5,2.36,False
ML224090711,BanasuraLaughingthrush,14,21.0,24.0,2.35,False
ML224090711,BanasuraLaughingthrush,15,22.5,25.5,2.21,False
ML224090711,BanasuraLaughingthrush,16,24.0,27.0,1.56,False
ML224090711,BanasuraLaughingthrush,17,25.5,28.5,1.26,False
ML224090711,BanasuraLaughingthrush,18,27.0,30.0,2.24,False
ML224090711,BanasuraLaughingthrush,19,28.5,31.5,2.66,False
ML224090711,BanasuraLaughingthrush,20,30.0,33.0,0.94,False
ML224090711,BanasuraLaughingthrush,21,31.5,34.5,0.66,False
ML224090711,BanasuraLaughingthrush,22,33.0,36.0,0.71,False
ML224090711,BanasuraLaughingthrush,23,34.5,37.5,1.67,False
ML224090711,BanasuraLaughingthrush,24,36.0,39.0,1.18,False
ML224090711,BanasuraLaughingthrush,25,37.5,40.5,0.66,False
ML224090711,BanasuraLaughingthrush,26,39.0,42.0,1.51,False
ML224090711,BanasuraLaughingthrush,27,40.5,43.5,1.85,False
ML224090711,BanasuraLaughingthrush,28,42.0,45.0,3.32,True
ML224090711,BanasuraLaughingthrush,29,43.5,46.5,3.59,True
ML224090711,BanasuraLaughingthrush,30,45.0,48.0,2.73,False
ML224090711,BanasuraLaughingthrush,31,46.5,49.5,1.75,False
ML224090711,BanasuraLaughingthrush,32,48.0,51.0,0.68,False
ML224090711,BanasuraLaughingthrush,33,49.5,52.5,0.46,False
ML224090711,BanasuraLaughingthrush,34,51.0,54.0,0.67,False
ML224090711,BanasuraLaughingthrush,35,52.5,55.5,1.32,False
ML224090711,BanasuraLaughingthrush,36,54.0,57.0,1.76,False
ML224090711,BanasuraLaughingthrush,37,55.5,58.5,1.34,False
ML224090711,BanasuraLaughingthrush,38,57.0,60.0,0.89,False
ML224090711,BanasuraLaughingthrush,39,58.5,61.5,0.46,False
ML224090711,BanasuraLaughingthrush,40,60.0,63.0,0.56,False
ML224090711,BanasuraLaughingthrush,41,61.5,64.5,1.69,False
ML224090711,BanasuraLaughingthrush,42,63.0,66.0,1.67,False
ML224090711,BanasuraLaughingthrush,43,64.5,67.5,1.49,False
ML224090711,BanasuraLaughingthrush,44,66.0,69.0,2.26,False
ML224102231,BanasuraLaughingthrush,0,0.0,3.0,4.65,True
ML224102231,BanasuraLaughingthrush,1,1.5,4.5,3.81,True
ML224102231,BanasuraLaughingthrush,2,3.0,6.0,3.59,True
ML224102231,BanasuraLaughingthrush,3,4.5,7.5,3.94,True
ML224102231,BanasuraLaughingthrush,4,6.0,9.0,5.87,True
ML224102231,BanasuraLaughingthrush,5,7.5,10.5,4.54,True
ML224102231,BanasuraLaughingthrush,6,9.0,12.0,2.6,False
ML224102231,BanasuraLaughingthrush,7,10.5,13.5,3.65,True
ML224102231,BanasuraLaughingthrush,8,12.0,15.0,5.2,True
ML224102231,BanasuraLaughingthrush,9,13.5,16.5,5.02,True
ML224102231,BanasuraLaughingthrush,10,15.0,18.0,4.42,True
ML224102231,BanasuraLaughingthrush,11,16.5,19.5,4.52,True
ML224102231,BanasuraLaughingthrush,12,18.0,21.0,5.39,True
ML224102231,BanasuraLaughingthrush,13,19.5,22.5,4.83,True
ML224102231,BanasuraLaughingthrush,14,21.0,24.0,6.86,True
ML224102231,BanasuraLaughingthrush,15,22.5,25.5,8.65,True
ML224102231,BanasuraLaughingthrush,16,24.0,27.0,5.02,True
ML224102231,BanasuraLaughingthrush,17,25.5,28.5,3.71,True
ML224102231,BanasuraLaughingthrush,18,27.0,30.0,5.91,True
ML224102231,BanasuraLaughingthrush,19,28.5,31.5,8.88,True
ML224102231,BanasuraLaughingthrush,20,30.0,33.0,3.04,True
ML224102231,BanasuraLaughingthrush,21,31.5,34.5,1.94,False
ML224102231,BanasuraLaughingthrush,22,33.0,36.0,8.92,True
ML224102231,BanasuraLaughingthrush,23,34.5,37.5,4.76,True
ML224102231,BanasuraLaughingthrush,24,36.0,39.0,4.14,True
ML224102231,BanasuraLaughingthrush,25,37.5,40.5,6.33,True
ML224102231,BanasuraLaughingthrush,26,39.0,42.0,6.08,True
ML224102231,BanasuraLaughingthrush,27,40.5,43.5,6.94,True
ML224102231,BanasuraLaughingthrush,28,42.0,45.0,9.4,True
ML224102231,BanasuraLaughingthrush,29,43.5,46.5,6.23,True
ML224102231,BanasuraLaughingthrush,30,45.0,48.0,4.72,True
ML224102231,BanasuraLaughingthrush,31,46.5,49.5,7.11,True
ML224102231,BanasuraLaughingthrush,32,48.0,51.0,6.57,True
ML224102231,BanasuraLaughingthrush,33,49.5,52.5,3.73,True
ML224102231,BanasuraLaughingthrush,34,51.0,54.0,7.61,True
ML224102231,BanasuraLaughingthrush,35,52.5,55.5,13.63,True
ML224102231,BanasuraLaughingthrush,36,54.0,57.0,10.79,True
ML224102231,BanasuraLaughingthrush,37,55.5,58.5,15.23,True
ML224102231,BanasuraLaughingthrush,38,57.0,60.0,15.29,True
ML224102231,BanasuraLaughingthrush,39,58.5,61.5,9.39,True
ML224102231,BanasuraLaughingthrush,40,60.0,63.0,12.12,True
ML224102231,BanasuraLaughingthrush,41,61.5,64.5,15.55,True
ML224102231,BanasuraLaughingthrush,42,63.0,66.0,9.92,True
ML224102231,BanasuraLaughingthrush,43,64.5,67.5,4.65,True
ML224102231,BanasuraLaughingthrush,44,66.0,69.0,8.77,True
ML224102231,BanasuraLaughingthrush,45,67.5,70.5,11.0,True
ML224102231,BanasuraLaughingthrush,46,69.0,72.0,9.23,True
ML224102231,BanasuraLaughingthrush,47,70.5,73.5,5.37,True
ML224102231,BanasuraLaughingthrush,48,72.0,75.0,7.94,True
ML224102231,BanasuraLaughingthrush,49,73.5,76.5,8.47,True
ML224102231,BanasuraLaughingthrush,50,75.0,78.0,3.1,True
ML224102231,BanasuraLaughingthrush,51,76.5,79.5,3.88,True
ML224102231,BanasuraLaughingthrush,52,78.0,81.0,5.48,True
ML224102231,BanasuraLaughingthrush,53,79.5,82.5,5.12,True
ML224102231,BanasuraLaughingthrush,54,81.0,84.0,1.47,False
ML224102231,BanasuraLaughingthrush,55,82.5,85.5,-0.44,False
ML224102231,BanasuraLaughingthrush,56,84.0,87.0,0.55,False
ML224102231,BanasuraLaughingthrush,57,85.5,88.5,4.41,True
ML224102231,BanasuraLaughingthrush,58,87.0,90.0,5.86,True
ML224102231,BanasuraLaughingthrush,59,88.5,91.5,6.06,True
ML224102231,BanasuraLaughingthrush,60,90.0,93.0,4.47,True
ML224102231,BanasuraLaughingthrush,61,91.5,94.5,3.37,True
ML224102231,BanasuraLaughingthrush,62,93.0,96.0,5.2,True
ML224102231,BanasuraLaughingthrush,63,94.5,97.5,6.08,True
ML224102231,BanasuraLaughingthrush,64,96.0,99.0,6.74,True
ML224105961,BanasuraLaughingthrush,0,0.0,3.0,8.23,True
ML224105961,BanasuraLaughingthrush,1,1.5,4.5,8.84,True
ML224105961,BanasuraLaughingthrush,2,3.0,6.0,9.21,True
ML224105961,BanasuraLaughingthrush,3,4.5,7.5,5.69,True
ML224105961,BanasuraLaughingthrush,4,6.0,9.0,1.71,False
ML224105961,BanasuraLaughingthrush,5,7.5,10.5,5.66,True
ML224105961,BanasuraLaughingthrush,6,9.0,12.0,8.42,True
ML224105961,BanasuraLaughingthrush,7,10.5,13.5,7.33,True
ML224105961,BanasuraLaughingthrush,8,12.0,15.0,6.53,True
ML224105961,BanasuraLaughingthrush,9,13.5,16.5,5.48,True
ML224105961,BanasuraLaughingthrush,10,15.0,18.0,5.68,True
ML224105961,BanasuraLaughingthrush,11,16.5,19.5,6.18,True
ML224105961,BanasuraLaughingthrush,12,18.0,21.0,4.67,True
ML224105961,BanasuraLaughingthrush,13,19.5,22.5,7.1,True
ML224105961,BanasuraLaughingthrush,14,21.0,24.0,7.3,True
ML224105961,BanasuraLaughingthrush,15,22.5,25.5,5.84,True
ML224105961,BanasuraLaughingthrush,16,24.0,27.0,5.11,True
ML224105961,BanasuraLaughingthrush,17,25.5,28.5,6.08,True
ML224105961,BanasuraLaughingthrush,18,27.0,30.0,7.59,True
ML224105961,BanasuraLaughingthrush,19,28.5,31.5,5.48,True
ML224105961,BanasuraLaughingthrush,20,30.0,33.0,4.2,True
ML224105961,BanasuraLaughingthrush,21,31.5,34.5,4.31,True
ML224105961,BanasuraLaughingthrush,22,33.0,36.0,4.11,True
ML224105961,BanasuraLaughingthrush,23,34.5,37.5,4.93,True
ML224105961,BanasuraLaughingthrush,24,36.0,39.0,4.72,True
ML224105961,BanasuraLaughingthrush,25,37.5,40.5,4.72,True
ML224105961,BanasuraLaughingthrush,26,39.0,42.0,6.31,True
ML224105961,BanasuraLaughingthrush,27,40.5,43.5,5.31,True
ML224105961,BanasuraLaughingthrush,28,42.0,45.0,4.44,True
ML224105961,BanasuraLaughingthrush,29,43.5,46.5,5.44,True
ML224105961,BanasuraLaughingthrush,30,45.0,48.0,6.2,True
ML224105961,BanasuraLaughingthrush,31,46.5,49.5,5.26,True
ML224105961,BanasuraLaughingthrush,32,48.0,51.0,4.92,True
ML224105961,BanasuraLaughingthrush,33,49.5,52.5,4.91,True
ML224105961,BanasuraLaughingthrush,34,51.0,54.0,4.23,True
ML224105961,BanasuraLaughingthrush,35,52.5,55.5,4.97,True
ML224105961,BanasuraLaughingthrush,36,54.0,57.0,8.63,True
ML224105961,BanasuraLaughingthrush,37,55.5,58.5,9.67,True
ML224105961,BanasuraLaughingthrush,38,57.0,60.0,7.11,True
ML224105961,BanasuraLaughingthrush,39,58.5,61.5,7.54,True
ML224105961,BanasuraLaughingthrush,40,60.0,63.0,13.28,True
ML224105961,BanasuraLaughingthrush,41,61.5,64.5,11.94,True
ML224105961,BanasuraLaughingthrush,42,63.0,66.0,11.21,True
ML224105961,BanasuraLaughingthrush,43,64.5,67.5,14.6,True
ML224105961,BanasuraLaughingthrush,44,66.0,69.0,10.1,True
ML224105961,BanasuraLaughingthrush,45,67.5,70.5,7.43,True
ML224105961,BanasuraLaughingthrush,46,69.0,72.0,7.72,True
ML224105961,BanasuraLaughingthrush,47,70.5,73.5,9.92,True
ML224105961,BanasuraLaughingthrush,48,72.0,75.0,12.07,True
ML224105961,BanasuraLaughingthrush,49,73.5,76.5,9.86,True
ML224105961,BanasuraLaughingthrush,50,75.0,78.0,8.7,True
ML224105961,BanasuraLaughingthrush,51,76.5,79.5,7.43,True
ML224105961,BanasuraLaughingthrush,52,78.0,81.0,7.6,True
ML224105961,BanasuraLaughingthrush,53,79.5,82.5,8.05,True
ML224105961,BanasuraLaughingthrush,54,81.0,84.0,7.54,True
ML224105961,BanasuraLaughingthrush,55,82.5,85.5,7.06,True
ML224105961,BanasuraLaughingthrush,56,84.0,87.0,6.93,True
ML224105961,BanasuraLaughingthrush,57,85.5,88.5,6.7,True
ML224105961,BanasuraLaughingthrush,58,87.0,90.0,7.49,True
ML224109121,BanasuraLaughingthrush,0,0.0,3.0,1.84,False
ML224109121,BanasuraLaughingthrush,1,1.5,4.5,3.5,True
ML224109121,BanasuraLaughingthrush,2,3.0,6.0,7.75,True
ML224109121,BanasuraLaughingthrush,3,4.5,7.5,10.75,True
ML224109121,BanasuraLaughingthrush,4,6.0,9.0,10.71,True
ML224109121,BanasuraLaughingthrush,5,7.5,10.5,8.43,True
ML224109121,BanasuraLaughingthrush,6,9.0,12.0,9.29,True
ML224109121,BanasuraLaughingthrush,7,10.5,13.5,9.15,True
ML224109121,BanasuraLaughingthrush,8,12.0,15.0,6.91,True
ML224109121,BanasuraLaughingthrush,9,13.5,16.5,10.03,True
ML224109121,BanasuraLaughingthrush,10,15.0,18.0,12.44,True
ML224109121,BanasuraLaughingthrush,11,16.5,19.5,10.01,True
ML224109121,BanasuraLaughingthrush,12,18.0,21.0,16.96,True
ML224109121,BanasuraLaughingthrush,13,19.5,22.5,14.54,True
ML224109121,BanasuraLaughingthrush,14,21.0,24.0,6.14,True
ML224109121,BanasuraLaughingthrush,15,22.5,25.5,6.26,True
ML224109121,BanasuraLaughingthrush,16,24.0,27.0,6.02,True
ML224109121,BanasuraLaughingthrush,17,25.5,28.5,4.81,True
ML224109121,BanasuraLaughingthrush,18,27.0,30.0,4.86,True
ML224109121,BanasuraLaughingthrush,19,28.5,31.5,4.19,True
ML224109121,BanasuraLaughingthrush,20,30.0,33.0,2.91,False
ML224109121,BanasuraLaughingthrush,21,31.5,34.5,3.77,True
ML224109121,BanasuraLaughingthrush,22,33.0,36.0,5.43,True
ML224109121,BanasuraLaughingthrush,23,34.5,37.5,4.7,True
ML224109121,BanasuraLaughingthrush,24,36.0,39.0,1.51,False
ML224109121,BanasuraLaughingthrush,25,37.5,40.5,-0.84,False
ML224109121,BanasuraLaughingthrush,26,39.0,42.0,-0.75,False
ML224109121,BanasuraLaughingthrush,27,40.5,43.5,3.6,True
ML224110751,BanasuraLaughingthrush,0,0.0,3.0,5.8,True
ML224110751,BanasuraLaughingthrush,1,1.5,4.5,7.49,True
ML224110751,BanasuraLaughingthrush,2,3.0,6.0,6.98,True
ML224110751,BanasuraLaughingthrush,3,4.5,7.5,4.08,True
ML224110751,BanasuraLaughingthrush,4,6.0,9.0,2.99,False
ML224110751,BanasuraLaughingthrush,5,7.5,10.5,3.36,True
ML224110751,BanasuraLaughingthrush,6,9.0,12.0,4.22,True
ML224110751,BanasuraLaughingthrush,7,10.5,13.5,8.1,True
ML224110751,BanasuraLaughingthrush,8,12.0,15.0,8.21,True
ML224110751,BanasuraLaughingthrush,9,13.5,16.5,6.73,True
ML224110751,BanasuraLaughingthrush,10,15.0,18.0,7.7,True
ML224110751,BanasuraLaughingthrush,11,16.5,19.5,8.65,True
ML224110751,BanasuraLaughingthrush,12,18.0,21.0,9.68,True
ML224110751,BanasuraLaughingthrush,13,19.5,22.5,12.2,True
ML224110751,BanasuraLaughingthrush,14,21.0,24.0,16.72,True
ML224110751,BanasuraLaughingthrush,15,22.5,25.5,17.89,True
ML224110751,BanasuraLaughingthrush,16,24.0,27.0,11.72,True
ML224110751,BanasuraLaughingthrush,17,25.5,28.5,11.39,True
ML224110751,BanasuraLaughingthrush,18,27.0,30.0,15.44,True
ML224110751,BanasuraLaughingthrush,19,28.5,31.5,12.9,True
ML224110751,BanasuraLaughingthrush,20,30.0,33.0,9.83,True
ML224110751,BanasuraLaughingthrush,21,31.5,34.5,11.67,True
ML224110751,BanasuraLaughingthrush,22,33.0,36.0,13.58,True
ML224110751,BanasuraLaughingthrush,23,34.5,37.5,9.58,True
ML224110751,BanasuraLaughingthrush,24,36.0,39.0,2.71,False
ML224110751,BanasuraLaughingthrush,25,37.5,40.5,2.52,False
ML224110751,BanasuraLaughingthrush,26,39.0,42.0,2.26,False
ML224110751,BanasuraLaughingthrush,27,40.5,43.5,4.74,True
ML224110751,BanasuraLaughingthrush,28,42.0,45.0,5.32,True
ML224110751,BanasuraLaughingthrush,29,43.5,46.5,4.35,True
ML224110751,BanasuraLaughingthrush,30,45.0,48.0,2.35,False
ML224110751,BanasuraLaughingthrush,31,46.5,49.5,1.21,False
ML224110751,BanasuraLaughingthrush,32,48.0,51.0,3.01,True
ML224110751,BanasuraLaughingthrush,33,49.5,52.5,5.66,True
ML224110751,BanasuraLaughingthrush,34,51.0,54.0,2.15,False
ML224110751,BanasuraLaughingthrush,35,52.5,55.5,0.71,False
ML224110751,BanasuraLaughingthrush,36,54.0,57.0,1.5,False
ML224110751,BanasuraLaughingthrush,37,55.5,58.5,1.68,False
ML224110751,BanasuraLaughingthrush,38,57.0,60.0,2.21,False
ML224112621,BanasuraLaughingthrush,0,0.0,3.0,7.94,True
ML224112621,BanasuraLaughingthrush,1,1.5,4.5,7.94,True
ML224112621,BanasuraLaughingthrush,2,3.0,6.0,9.14,True
ML224112621,BanasuraLaughingthrush,3,4.5,7.5,6.68,True
ML224112621,BanasuraLaughingthrush,4,6.0,9.0,8.48,True
ML224112621,BanasuraLaughingthrush,5,7.5,10.5,10.94,True
ML224112621,BanasuraLaughingthrush,6,9.0,12.0,11.72,True
ML224112621,BanasuraLaughingthrush,7,10.5,13.5,10.56,True
ML224112621,BanasuraLaughingthrush,8,12.0,15.0,6.65,True
ML224112621,BanasuraLaughingthrush,9,13.5,16.5,7.92,True
ML224112621,BanasuraLaughingthrush,10,15.0,18.0,11.34,True
ML224112621,BanasuraLaughingthrush,11,16.5,19.5,11.39,True
ML224112621,BanasuraLaughingthrush,12,18.0,21.0,6.53,True
ML224112621,BanasuraLaughingthrush,13,19.5,22.5,3.23,True
ML224112621,BanasuraLaughingthrush,14,21.0,24.0,4.98,True
ML224112621,BanasuraLaughingthrush,15,22.5,25.5,5.03,True
ML224112621,BanasuraLaughingthrush,16,24.0,27.0,8.95,True
ML224112621,BanasuraLaughingthrush,17,25.5,28.5,8.5,True
ML224112621,BanasuraLaughingthrush,18,27.0,30.0,7.65,True
ML224112621,BanasuraLaughingthrush,19,28.5,31.5,10.78,True
ML224112621,BanasuraLaughingthrush,20,30.0,33.0,10.48,True
ML224112621,BanasuraLaughingthrush,21,31.5,34.5,8.34,True
ML224112621,BanasuraLaughingthrush,22,33.0,36.0,11.14,True
ML224112621,BanasuraLaughingthrush,23,34.5,37.5,12.14,True
ML224112621,BanasuraLaughingthrush,24,36.0,39.0,12.84,True
ML224112621,BanasuraLaughingthrush,25,37.5,40.5,11.68,True
ML224112621,BanasuraLaughingthrush,26,39.0,42.0,8.67,True
ML224112621,BanasuraLaughingthrush,27,40.5,43.5,3.65,True
ML224112621,BanasuraLaughingthrush,28,42.0,45.0,3.09,True
ML224112621,BanasuraLaughingthrush,29,43.5,46.5,4.48,True
ML224112621,BanasuraLaughingthrush,30,45.0,48.0,3.64,True
ML224112621,BanasuraLaughingthrush,31,46.5,49.5,3.66,True
ML224112621,BanasuraLaughingthrush,32,48.0,51.0,4.05,True
ML224112621,BanasuraLaughingthrush,33,49.5,52.5,4.24,True
ML224113161,BanasuraLaughingthrush,0,0.0,3.0,9.27,True
ML224113161,BanasuraLaughingthrush,1,1.5,4.5,11.4,True
ML224113161,BanasuraLaughingthrush,2,3.0,6.0,8.81,True
ML224113161,BanasuraLaughingthrush,3,4.5,7.5,8.09,True
ML224113161,BanasuraLaughingthrush,4,6.0,9.0,13.43,True
ML224113161,BanasuraLaughingthrush,5,7.5,10.5,11.0,True
ML224113161,BanasuraLaughingthrush,6,9.0,12.0,9.02,True
ML224113161,BanasuraLaughingthrush,7,10.5,13.5,5.94,True
ML224113161,BanasuraLaughingthrush,8,12.0,15.0,3.61,True
ML224113161,BanasuraLaughingthrush,9,13.5,16.5,3.58,True
ML224113161,BanasuraLaughingthrush,10,15.0,18.0,3.13,True
ML224432461,BanasuraLaughingthrush,0,0.0,3.0,-116.93,False
ML224432461,BanasuraLaughingthrush,1,1.5,4.5,-26.38,False
ML224432461,BanasuraLaughingthrush,2,3.0,6.0,5.22,True
ML224432461,BanasuraLaughingthrush,3,4.5,7.5,5.82,True
ML224432461,BanasuraLaughingthrush,4,6.0,9.0,2.16,False
ML224432461,BanasuraLaughingthrush,5,7.5,10.5,2.79,False
ML224432461,BanasuraLaughingthrush,6,9.0,12.0,6.37,True
ML224432461,BanasuraLaughingthrush,7,10.5,13.5,4.01,True
ML224432461,BanasuraLaughingthrush,8,12.0,15.0,4.81,True
ML224432461,BanasuraLaughingthrush,9,13.5,16.5,5.27,True
ML224432461,BanasuraLaughingthrush,10,15.0,18.0,4.04,True
ML224432461,BanasuraLaughingthrush,11,16.5,19.5,5.85,True
ML224432461,BanasuraLaughingthrush,12,18.0,21.0,7.11,True
ML224432461,BanasuraLaughingthrush,13,19.5,22.5,4.2,True
ML224432461,BanasuraLaughingthrush,14,21.0,24.0,3.83,True
ML224432461,BanasuraLaughingthrush,15,22.5,25.5,7.25,True
ML224432461,BanasuraLaughingthrush,16,24.0,27.0,6.26,True
ML224432461,BanasuraLaughingthrush,17,25.5,28.5,2.7,False
ML224432461,BanasuraLaughingthrush,18,27.0,30.0,8.26,True
ML224432461,BanasuraLaughingthrush,19,28.5,31.5,11.78,True
ML224432461,BanasuraLaughingthrush,20,30.0,33.0,9.5,True
ML224432461,BanasuraLaughingthrush,21,31.5,34.5,14.18,True
ML224432461,BanasuraLaughingthrush,22,33.0,36.0,13.42,True
ML224432461,BanasuraLaughingthrush,23,34.5,37.5,9.02,True
ML224432461,BanasuraLaughingthrush,24,36.0,39.0,12.1,True
ML224432461,BanasuraLaughingthrush,25,37.5,40.5,13.71,True
ML224432461,BanasuraLaughingthrush,26,39.0,42.0,8.26,True
ML224432461,BanasuraLaughingthrush,27,40.5,43.5,4.77,True
ML224432461,BanasuraLaughingthrush,28,42.0,45.0,10.3,True
ML224432461,BanasuraLaughingthrush,29,43.5,46.5,12.33,True
ML224432461,BanasuraLaughingthrush,30,45.0,48.0,9.03,True
ML224432461,BanasuraLaughingthrush,31,46.5,49.5,7.11,True
ML224432461,BanasuraLaughingthrush,32,48.0,51.0,9.52,True
ML224432461,BanasuraLaughingthrush,33,49.5,52.5,9.2,True
ML224436631,BanasuraLaughingthrush,0,0.0,3.0,0.0,False
ML224436631,BanasuraLaughingthrush,1,1.5,4.5,98.02,True
ML224436631,BanasuraLaughingthrush,2,3.0,6.0,127.5,True
ML224436631,BanasuraLaughingthrush,3,4.5,7.5,130.36,True
ML224436631,BanasuraLaughingthrush,4,6.0,9.0,131.86,True
ML224436631,BanasuraLaughingthrush,5,7.5,10.5,129.88,True
ML224436631,BanasuraLaughingthrush,6,9.0,12.0,133.0,True
ML224436631,BanasuraLaughingthrush,7,10.5,13.5,136.82,True
ML224436631,BanasuraLaughingthrush,8,12.0,15.0,135.99,True
ML224436631,BanasuraLaughingthrush,9,13.5,16.5,136.59,True
ML224436631,BanasuraLaughingthrush,10,15.0,18.0,140.06,True
ML224436631,BanasuraLaughingthrush,11,16.5,19.5,136.06,True
ML224436631,BanasuraLaughingthrush,12,18.0,21.0,131.78,True
ML224436631,BanasuraLaughingthrush,13,19.5,22.5,133.74,True
ML224436631,BanasuraLaughingthrush,14,21.0,24.0,136.22,True
ML224439111,BanasuraLaughingthrush,0,0.0,3.0,0.0,False
ML224439111,BanasuraLaughingthrush,1,1.5,4.5,98.39,True
ML224439111,BanasuraLaughingthrush,2,3.0,6.0,120.23,True
ML224439111,BanasuraLaughingthrush,3,4.5,7.5,119.22,True
ML224439111,BanasuraLaughingthrush,4,6.0,9.0,118.62,True
ML224439111,BanasuraLaughingthrush,5,7.5,10.5,119.2,True
ML224439111,BanasuraLaughingthrush,6,9.0,12.0,121.4,True
ML224439111,BanasuraLaughingthrush,7,10.5,13.5,123.34,True
ML224439111,BanasuraLaughingthrush,8,12.0,15.0,120.32,True
ML224439111,BanasuraLaughingthrush,9,13.5,16.5,118.45,True
ML224439111,BanasuraLaughingthrush,10,15.0,18.0,118.6,True
ML224439111,BanasuraLaughingthrush,11,16.5,19.5,118.92,True
ML224439111,BanasuraLaughingthrush,12,18.0,21.0,119.65,True
ML224439111,BanasuraLaughingthrush,13,19.5,22.5,121.0,True
ML224439111,BanasuraLaughingthrush,14,21.0,24.0,122.5,True
ML224439111,BanasuraLaughingthrush,15,22.5,25.5,123.74,True
ML224439111,BanasuraLaughingthrush,16,24.0,27.0,122.37,True
ML224439111,BanasuraLaughingthrush,17,25.5,28.5,121.74,True
ML224440931,BanasuraLaughingthrush,0,0.0,3.0,-111.87,False
ML224440931,BanasuraLaughingthrush,1,1.5,4.5,-111.87,False
ML224440931,BanasuraLaughingthrush,2,3.0,6.0,2.08,False
ML224440931,BanasuraLaughingthrush,3,4.5,7.5,0.61,False
ML224440931,BanasuraLaughingthrush,4,6.0,9.0,0.4,False
ML224440931,BanasuraLaughingthrush,5,7.5,10.5,0.58,False
ML224440931,BanasuraLaughingthrush,6,9.0,12.0,1.51,False
ML224440931,BanasuraLaughingthrush,7,10.5,13.5,2.15,False
ML224440931,BanasuraLaughingthrush,8,12.0,15.0,1.55,False
ML224440931,BanasuraLaughingthrush,9,13.5,16.5,0.59,False
ML224440931,BanasuraLaughingthrush,10,15.0,18.0,0.28,False
ML224440931,BanasuraLaughingthrush,11,16.5,19.5,0.54,False
ML224440931,BanasuraLaughingthrush,12,18.0,21.0,0.8,False
ML224440931,BanasuraLaughingthrush,13,19.5,22.5,1.17,False
ML224440931,BanasuraLaughingthrush,14,21.0,24.0,3.24,True
ML224440931,BanasuraLaughingthrush,15,22.5,25.5,1.14,False
ML224440931,BanasuraLaughingthrush,16,24.0,27.0,0.35,False
ML224440931,BanasuraLaughingthrush,17,25.5,28.5,2.66,False
ML224440931,BanasuraLaughingthrush,18,27.0,30.0,3.08,True
ML224440931,BanasuraLaughingthrush,19,28.5,31.5,3.71,True
ML224440931,BanasuraLaughingthrush,20,30.0,33.0,5.04,True
ML224440931,BanasuraLaughingthrush,21,31.5,34.5,2.65,False
ML224440931,BanasuraLaughingthrush,22,33.0,36.0,2.24,False
ML224440931,BanasuraLaughingthrush,23,34.5,37.5,2.7,False
ML224440931,BanasuraLaughingthrush,24,36.0,39.0,3.86,True
ML224440931,BanasuraLaughingthrush,25,37.5,40.5,3.23,True
ML224440931,BanasuraLaughingthrush,26,39.0,42.0,1.85,False
ML224440931,BanasuraLaughingthrush,27,40.5,43.5,4.43,True
ML224440931,BanasuraLaughingthrush,28,42.0,45.0,6.63,True
ML224440931,BanasuraLaughingthrush,29,43.5,46.5,4.1,True
ML224440931,BanasuraLaughingthrush,30,45.0,48.0,3.0,False
ML224440931,BanasuraLaughingthrush,31,46.5,49.5,5.29,True
ML224440931,BanasuraLaughingthrush,32,48.0,51.0,4.96,True
ML224440931,BanasuraLaughingthrush,33,49.5,52.5,2.31,False
ML224440931,BanasuraLaughingthrush,34,51.0,54.0,1.86,False
ML224442701,BanasuraLaughingthrush,0,0.0,3.0,2.17,False
ML224442701,BanasuraLaughingthrush,1,1.5,4.5,1.65,False
ML224442701,BanasuraLaughingthrush,2,3.0,6.0,1.32,False
ML224442701,BanasuraLaughingthrush,3,4.5,7.5,1.22,False
ML224442701,BanasuraLaughingthrush,4,6.0,9.0,3.8,True
ML224442701,BanasuraLaughingthrush,5,7.5,10.5,6.83,True
ML224442701,BanasuraLaughingthrush,6,9.0,12.0,6.6,True
ML224442701,BanasuraLaughingthrush,7,10.5,13.5,7.59,True
ML224442701,BanasuraLaughingthrush,8,12.0,15.0,9.59,True
ML224442701,BanasuraLaughingthrush,9,13.5,16.5,10.71,True
ML224442701,BanasuraLaughingthrush,10,15.0,18.0,8.67,True
ML224442701,BanasuraLaughingthrush,11,16.5,19.5,7.04,True
ML224442701,BanasuraLaughingthrush,12,18.0,21.0,8.52,True
ML224442701,BanasuraLaughingthrush,13,19.5,22.5,9.93,True
ML224442701,BanasuraLaughingthrush,14,21.0,24.0,13.68,True
ML224442701,BanasuraLaughingthrush,15,22.5,25.5,13.47,True
ML224442701,BanasuraLaughingthrush,16,24.0,27.0,8.9,True
ML224442701,BanasuraLaughingthrush,17,25.5,28.5,7.89,True
ML224442701,BanasuraLaughingthrush,18,27.0,30.0,8.01,True
ML224442701,BanasuraLaughingthrush,19,28.5,31.5,8.9,True
ML224442701,BanasuraLaughingthrush,20,30.0,33.0,6.14,True
ML224442701,BanasuraLaughingthrush,21,31.5,34.5,3.23,True
ML224442701,BanasuraLaughingthrush,22,33.0,36.0,1.31,False
ML224442701,BanasuraLaughingthrush,23,34.5,37.5,1.91,False
ML224442701,BanasuraLaughingthrush,24,36.0,39.0,5.19,True
ML224442701,BanasuraLaughingthrush,25,37.5,40.5,5.42,True
ML224442701,BanasuraLaughingthrush,26,39.0,42.0,5.54,True
ML224442701,BanasuraLaughingthrush,27,40.5,43.5,1.86,False
ML224442701,BanasuraLaughingthrush,28,42.0,45.0,-0.2,False
ML224442701,BanasuraLaughingthrush,29,43.5,46.5,1.94,False
ML224445051,BanasuraLaughingthrush,0,0.0,3.0,-1.21,False
ML224445051,BanasuraLaughingthrush,1,1.5,4.5,-1.07,False
ML224445051,BanasuraLaughingthrush,2,3.0,6.0,71.65,True
ML224445051,BanasuraLaughingthrush,3,4.5,7.5,76.24,True
ML224445051,BanasuraLaughingthrush,4,6.0,9.0,74.77,True
ML224445051,BanasuraLaughingthrush,5,7.5,10.5,71.38,True
ML224445051,BanasuraLaughingthrush,6,9.0,12.0,66.01,True
ML224445051,BanasuraLaughingthrush,7,10.5,13.5,60.68,True
ML224445051,BanasuraLaughingthrush,8,12.0,15.0,70.02,True
ML224445051,BanasuraLaughingthrush,9,13.5,16.5,73.68,True
ML224445051,BanasuraLaughingthrush,10,15.0,18.0,61.69,True
ML224445051,BanasuraLaughingthrush,11,16.5,19.5,77.03,True
ML224445051,BanasuraLaughingthrush,12,18.0,21.0,69.73,True
ML224445051,BanasuraLaughingthrush,13,19.5,22.5,69.52,True
ML224445051,BanasuraLaughingthrush,14,21.0,24.0,76.91,True
ML224445051,BanasuraLaughingthrush,15,22.5,25.5,61.5,True
ML224445051,BanasuraLaughingthrush,16,24.0,27.0,74.86,True
ML224445051,BanasuraLaughingthrush,17,25.5,28.5,72.18,True
ML224445051,BanasuraLaughingthrush,18,27.0,30.0,55.9,True
ML224445051,BanasuraLaughingthrush,19,28.5,31.5,75.1,True
ML224445051,BanasuraLaughingthrush,20,30.0,33.0,65.78,True
ML224448041,BanasuraLaughingthrush,0,0.0,3.0,1.87,False
ML224448041,BanasuraLaughingthrush,1,1.5,4.5,2.35,True
ML224448041,BanasuraLaughingthrush,2,3.0,6.0,2.2,False
ML224448041,BanasuraLaughingthrush,3,4.5,7.5,1.14,False
ML224448041,BanasuraLaughingthrush,4,6.0,9.0,1.9,False
ML317454381,BanasuraLaughingthrush,0,0.0,3.0,3.02,True
ML317454381,BanasuraLaughingthrush,1,1.5,4.5,10.86,True
ML434997941,BanasuraLaughingthrush,0,0.0,3.0,1.53,False
ML434997941,BanasuraLaughingthrush,1,1.5,4.5,3.08,True
ML434997941,BanasuraLaughingthrush,2,3.0,6.0,2.05,False
ML434997941,BanasuraLaughingthrush,3,4.5,7.5,1.53,False
ML434997941,BanasuraLaughingthrush,4,6.0,9.0,3.47,True
ML434997941,BanasuraLaughingthrush,5,7.5,10.5,16.01,True
ML434997941,BanasuraLaughingthrush,6,9.0,12.0,19.36,True
ML434997941,BanasuraLaughingthrush,7,10.5,13.5,5.65,True
ML442425971,BanasuraLaughingthrush,0,0.0,3.0,18.33,True
ML442425971,BanasuraLaughingthrush,1,1.5,4.5,21.75,True
ML442425971,BanasuraLaughingthrush,2,3.0,6.0,21.59,True
ML442425971,BanasuraLaughingthrush,3,4.5,7.5,29.46,True
ML442425971,BanasuraLaughingthrush,4,6.0,9.0,15.44,True
ML442425971,BanasuraLaughingthrush,5,7.5,10.5,4.33,True
ML442425971,BanasuraLaughingthrush,6,9.0,12.0,8.48,True
ML442425971,BanasuraLaughingthrush,7,10.5,13.5,8.61,True
ML442425971,BanasuraLaughingthrush,8,12.0,15.0,1.8,False
ML442425971,BanasuraLaughingthrush,9,13.5,16.5,1.59,False
ML442425971,BanasuraLaughingthrush,10,15.0,18.0,3.24,True
ML442425971,BanasuraLaughingthrush,11,16.5,19.5,2.88,False
ML442425971,BanasuraLaughingthrush,12,18.0,21.0,2.3,False
ML442425971,BanasuraLaughingthrush,13,19.5,22.5,1.0,False
ML442426021,BanasuraLaughingthrush,0,0.0,3.0,8.73,True
ML442426021,BanasuraLaughingthrush,1,1.5,4.5,11.18,True
ML442426021,BanasuraLaughingthrush,2,3.0,6.0,13.31,True
ML442426021,BanasuraLaughingthrush,3,4.5,7.5,9.63,True
ML442426021,BanasuraLaughingthrush,4,6.0,9.0,11.75,True
ML442426021,BanasuraLaughingthrush,5,7.5,10.5,16.26,True
ML442426021,BanasuraLaughingthrush,6,9.0,12.0,8.12,True
ML442426021,BanasuraLaughingthrush,7,10.5,13.5,3.68,True
ML442426021,BanasuraLaughingthrush,8,12.0,15.0,4.17,True
ML442426021,BanasuraLaughingthrush,9,13.5,16.5,5.1,True
ML442426021,BanasuraLaughingthrush,10,15.0,18.0,-0.12,False
ML442426021,BanasuraLaughingthrush,11,16.5,19.5,1.21,False
ML442426021,BanasuraLaughingthrush,12,18.0,21.0,13.91,True
ML442426021,BanasuraLaughingthrush,13,19.5,22.5,24.01,True
ML442426021,BanasuraLaughingthrush,14,21.0,24.0,19.9,True
ML442426021,BanasuraLaughingthrush,15,22.5,25.5,23.97,True
ML442426021,BanasuraLaughingthrush,16,24.0,27.0,22.18,True
ML442426021,BanasuraLaughingthrush,17,25.5,28.5,17.32,True
ML442426021,BanasuraLaughingthrush,18,27.0,30.0,25.34,True
ML442426021,BanasuraLaughingthrush,19,28.5,31.5,35.52,True
ML442426021,BanasuraLaughingthrush,20,30.0,33.0,12.4,True
ML442426021,BanasuraLaughingthrush,21,31.5,34.5,8.1,True
ML442426021,BanasuraLaughingthrush,22,33.0,36.0,3.19,True
ML442426021,BanasuraLaughingthrush,23,34.5,37.5,3.21,True
ML442426021,BanasuraLaughingthrush,24,36.0,39.0,5.47,True
ML442426021,BanasuraLaughingthrush,25,37.5,40.5,4.3,True
ML442426021,BanasuraLaughingthrush,26,39.0,42.0,4.43,True
ML442426021,BanasuraLaughingthrush,27,40.5,43.5,4.86,True
ML442426021,BanasuraLaughingthrush,28,42.0,45.0,5.54,True
ML442426021,BanasuraLaughingthrush,29,43.5,46.5,3.02,True
ML442426021,BanasuraLaughingthrush,30,45.0,48.0,-7.42,False
ML606531611,BanasuraLaughingthrush,0,0.0,3.0,1.36,False
ML606531611,BanasuraLaughingthrush,1,1.5,4.5,1.6,False
ML606531611,BanasuraLaughingthrush,2,3.0,6.0,1.01,False
ML606531611,BanasuraLaughingthrush,3,4.5,7.5,0.83,False
ML606531611,BanasuraLaughingthrush,4,6.0,9.0,1.15,False
ML606531611,BanasuraLaughingthrush,5,7.5,10.5,0.98,False
ML606531611,BanasuraLaughingthrush,6,9.0,12.0,0.81,False
ML606531611,BanasuraLaughingthrush,7,10.5,13.5,0.96,False
ML606531611,BanasuraLaughingthrush,8,12.0,15.0,1.4,False
ML606531611,BanasuraLaughingthrush,9,13.5,16.5,1.29,False
ML606531611,BanasuraLaughingthrush,10,15.0,18.0,1.18,False
ML606531611,BanasuraLaughingthrush,11,16.5,19.5,1.67,False
ML606531611,BanasuraLaughingthrush,12,18.0,21.0,2.05,False
ML606531611,BanasuraLaughingthrush,13,19.5,22.5,2.45,False
ML606531611,BanasuraLaughingthrush,14,21.0,24.0,2.3,False
ML606531611,BanasuraLaughingthrush,15,22.5,25.5,2.32,False
ML606531611,BanasuraLaughingthrush,16,24.0,27.0,2.29,False
ML606531611,BanasuraLaughingthrush,17,25.5,28.5,2.21,False
ML606531611,BanasuraLaughingthrush,18,27.0,30.0,2.78,False
ML606531611,BanasuraLaughingthrush,19,28.5,31.5,2.31,False
ML606531611,BanasuraLaughingthrush,20,30.0,33.0,1.51,False
ML606531611,BanasuraLaughingthrush,21,31.5,34.5,1.25,False
ML606531611,BanasuraLaughingthrush,22,33.0,36.0,1.26,False
ML606531611,BanasuraLaughingthrush,23,34.5,37.5,1.47,False
ML606531611,BanasuraLaughingthrush,24,36.0,39.0,1.54,False
ML606531611,BanasuraLaughingthrush,25,37.5,40.5,1.59,False
ML606531611,BanasuraLaughingthrush,26,39.0,42.0,2.52,False
ML606531611,BanasuraLaughingthrush,27,40.5,43.5,2.87,True
ML606531621,BanasuraLaughingthrush,0,0.0,3.0,5.61,True
ML606531621,BanasuraLaughingthrush,1,1.5,4.5,3.55,True
ML606531621,BanasuraLaughingthrush,2,3.0,6.0,4.11,True
ML606531621,BanasuraLaughingthrush,3,4.5,7.5,3.31,True
ML606531621,BanasuraLaughingthrush,4,6.0,9.0,6.97,True
ML606531621,BanasuraLaughingthrush,5,7.5,10.5,7.55,True
ML606531621,BanasuraLaughingthrush,6,9.0,12.0,3.93,True
ML606531621,BanasuraLaughingthrush,7,10.5,13.5,22.03,True
ML606531621,BanasuraLaughingthrush,8,12.0,15.0,30.81,True
ML606531631,BanasuraLaughingthrush,0,0.0,3.0,4.67,True
ML606531631,BanasuraLaughingthrush,1,1.5,4.5,6.86,True
ML606531631,BanasuraLaughingthrush,2,3.0,6.0,7.66,True
ML606531631,BanasuraLaughingthrush,3,4.5,7.5,2.78,False
ML606531631,BanasuraLaughingthrush,4,6.0,9.0,3.9,True
ML606531631,BanasuraLaughingthrush,5,7.5,10.5,6.98,True
ML606531631,BanasuraLaughingthrush,6,9.0,12.0,5.22,True
ML606531631,BanasuraLaughingthrush,7,10.5,13.5,4.42,True
ML606531631,BanasuraLaughingthrush,8,12.0,15.0,4.95,True
ML606531631,BanasuraLaughingthrush,9,13.5,16.5,4.51,True
ML606531631,BanasuraLaughingthrush,10,15.0,18.0,3.39,True
ML607311421,BanasuraLaughingthrush,0,0.0,3.0,39.59,True
ML607311421,BanasuraLaughingthrush,1,1.5,4.5,43.79,True
ML608349451,BanasuraLaughingthrush,0,0.0,3.0,21.28,True
ML608349451,BanasuraLaughingthrush,1,1.5,4.5,21.26,True
ML608349451,BanasuraLaughingthrush,2,3.0,6.0,21.57,True
ML608349451,BanasuraLaughingthrush,3,4.5,7.5,16.89,True
ML608349453,BanasuraLaughingthrush,0,0.0,3.0,9.18,True
ML608349453,BanasuraLaughingthrush,1,1.5,4.5,9.35,True
ML608349453,BanasuraLaughingthrush,2,3.0,6.0,10.09,True
ML608349453,BanasuraLaughingthrush,3,4.5,7.5,11.06,True
ML608349453,BanasuraLaughingthrush,4,6.0,9.0,11.22,True
ML608349453,BanasuraLaughingthrush,5,7.5,10.5,11.28,True
ML608349453,BanasuraLaughingthrush,6,9.0,12.0,10.28,True
ML608349453,BanasuraLaughingthrush,7,10.5,13.5,11.05,True
ML608349453,BanasuraLaughingthrush,8,12.0,15.0,15.42,True
ML608349453,BanasuraLaughingthrush,9,13.5,16.5,16.33,True
ML608349453,BanasuraLaughingthrush,10,15.0,18.0,15.78,True
ML608349453,BanasuraLaughingthrush,11,16.5,19.5,13.98,True
ML608349453,BanasuraLaughingthrush,12,18.0,21.0,12.04,True
ML608349453,BanasuraLaughingthrush,13,19.5,22.5,3.27,True
ML608349453,BanasuraLaughingthrush,14,21.0,24.0,2.15,False
ML608349453,BanasuraLaughingthrush,15,22.5,25.5,8.23,True
ML608349453,BanasuraLaughingthrush,16,24.0,27.0,12.35,True
ML608349453,BanasuraLaughingthrush,17,25.5,28.5,13.4,True
ML608349453,BanasuraLaughingthrush,18,27.0,30.0,14.6,True
ML608349453,BanasuraLaughingthrush,19,28.5,31.5,15.6,True
ML608349453,BanasuraLaughingthrush,20,30.0,33.0,13.86,True
ML608349453,BanasuraLaughingthrush,21,31.5,34.5,4.51,True
ML608349453,BanasuraLaughingthrush,22,33.0,36.0,7.52,True
ML608349453,BanasuraLaughingthrush,23,34.5,37.5,18.52,True
ML608349453,BanasuraLaughingthrush,24,36.0,39.0,12.29,True
ML608349453,BanasuraLaughingthrush,25,37.5,40.5,8.85,True
ML608349453,BanasuraLaughingthrush,26,39.0,42.0,11.84,True
ML608349453,BanasuraLaughingthrush,27,40.5,43.5,15.64,True
ML608349453,BanasuraLaughingthrush,28,42.0,45.0,15.75,True
ML608349453,BanasuraLaughingthrush,29,43.5,46.5,16.01,True
ML608349453,BanasuraLaughingthrush,30,45.0,48.0,15.72,True
ML608349453,BanasuraLaughingthrush,31,46.5,49.5,15.57,True
ML612285403,BanasuraLaughingthrush,0,0.0,3.0,6.08,True
ML612285403,BanasuraLaughingthrush,1,1.5,4.5,6.27,True
ML614780956,BanasuraLaughingthrush,0,0.0,3.0,6.79,True
ML614780956,BanasuraLaughingthrush,1,1.5,4.5,9.32,True
ML614780956,BanasuraLaughingthrush,2,3.0,6.0,10.23,True
ML614780956,BanasuraLaughingthrush,3,4.5,7.5,19.32,True
ML614780956,BanasuraLaughingthrush,4,6.0,9.0,15.4,True
ML614780956,BanasuraLaughingthrush,5,7.5,10.5,12.07,True
ML614780956,BanasuraLaughingthrush,6,9.0,12.0,2.66,False
ML614780956,BanasuraLaughingthrush,7,10.5,13.5,1.76,False
ML614780957,BanasuraLaughingthrush,0,0.0,3.0,0.83,False
ML614780957,BanasuraLaughingthrush,1,1.5,4.5,4.52,True
ML614780957,BanasuraLaughingthrush,2,3.0,6.0,9.85,True
ML614780957,BanasuraLaughingthrush,3,4.5,7.5,3.95,True
ML614780957,BanasuraLaughingthrush,4,6.0,9.0,6.07,True
ML614780957,BanasuraLaughingthrush,5,7.5,10.5,8.85,True
ML614780957,BanasuraLaughingthrush,6,9.0,12.0,4.83,True
ML614780957,BanasuraLaughingthrush,7,10.5,13.5,3.97,True
ML614780957,BanasuraLaughingthrush,8,12.0,15.0,8.07,True
ML614780957,BanasuraLaughingthrush,9,13.5,16.5,4.46,True
ML614780957,BanasuraLaughingthrush,10,15.0,18.0,3.71,True
ML614780957,BanasuraLaughingthrush,11,16.5,19.5,4.1,True
ML614780957,BanasuraLaughingthrush,12,18.0,21.0,4.29,True
ML614780957,BanasuraLaughingthrush,13,19.5,22.5,3.7,True
ML614780957,BanasuraLaughingthrush,14,21.0,24.0,3.74,True
ML614780957,BanasuraLaughingthrush,15,22.5,25.5,5.88,True
ML614780957,BanasuraLaughingthrush,16,24.0,27.0,6.85,True
ML614780957,BanasuraLaughingthrush,17,25.5,28.5,6.54,True
ML614780957,BanasuraLaughingthrush,18,27.0,30.0,6.7,True
ML614780957,BanasuraLaughingthrush,19,28.5,31.5,7.6,True
ML614780957,BanasuraLaughingthrush,20,30.0,33.0,7.74,True
ML614780957,BanasuraLaughingthrush,21,31.5,34.5,5.92,True
ML617411030,BanasuraLaughingthrush,0,0.0,3.0,10.75,True
ML617411031,BanasuraLaughingthrush,0,0.0,3.0,11.02,True
ML617411031,BanasuraLaughingthrush,1,1.5,4.5,7.77,True
ML617411594,BanasuraLaughingthrush,0,0.0,3.0,109.75,True
ML617411595,BanasuraLaughingthrush,0,0.0,3.0,10.66,True
ML626352709,BanasuraLaughingthrush,0,0.0,3.0,0.93,False
ML626352709,BanasuraLaughingthrush,1,1.5,4.5,1.68,False
ML626352709,BanasuraLaughingthrush,2,3.0,6.0,2.77,False
ML626352709,BanasuraLaughingthrush,3,4.5,7.5,2.77,False
ML626352709,BanasuraLaughingthrush,4,6.0,9.0,3.65,True
ML626352709,BanasuraLaughingthrush,5,7.5,10.5,5.76,True
ML626352709,BanasuraLaughingthrush,6,9.0,12.0,5.91,True
ML626352724,BanasuraLaughingthrush,0,0.0,3.0,3.38,True
ML626352724,BanasuraLaughingthrush,1,1.5,4.5,3.1,True
ML626352724,BanasuraLaughingthrush,2,3.0,6.0,3.31,True
ML626352724,BanasuraLaughingthrush,3,4.5,7.5,3.58,True
ML626352724,BanasuraLaughingthrush,4,6.0,9.0,3.31,True
ML626352724,BanasuraLaughingthrush,5,7.5,10.5,3.49,True
ML626352724,BanasuraLaughingthrush,6,9.0,12.0,3.5,True
ML626352724,BanasuraLaughingthrush,7,10.5,13.5,2.76,False
ML626352724,BanasuraLaughingthrush,8,12.0,15.0,2.54,False
ML626352724,BanasuraLaughingthrush,9,13.5,16.5,2.48,False
ML626352724,BanasuraLaughingthrush,10,15.0,18.0,2.35,False
ML626352724,BanasuraLaughingthrush,11,16.5,19.5,2.29,False
ML626352724,BanasuraLaughingthrush,12,18.0,21.0,1.66,False
ML626352724,BanasuraLaughingthrush,13,19.5,22.5,1.61,False
ML626352724,BanasuraLaughingthrush,14,21.0,24.0,2.06,False
ML626352724,BanasuraLaughingthrush,15,22.5,25.5,1.69,False
ML626352724,BanasuraLaughingthrush,16,24.0,27.0,1.76,False
ML626352724,BanasuraLaughingthrush,17,25.5,28.5,1.76,False
ML626352724,BanasuraLaughingthrush,18,27.0,30.0,1.11,False
ML626352724,BanasuraLaughingthrush,19,28.5,31.5,1.41,False
ML626352724,BanasuraLaughingthrush,20,30.0,33.0,1.57,False
ML626352724,BanasuraLaughingthrush,21,31.5,34.5,1.19,False
ML626352724,BanasuraLaughingthrush,22,33.0,36.0,1.89,False
ML626352724,BanasuraLaughingthrush,23,34.5,37.5,0.57,False
ML626352724,BanasuraLaughingthrush,24,36.0,39.0,1.04,False
ML626352724,BanasuraLaughingthrush,25,37.5,40.5,1.52,False
ML626352724,BanasuraLaughingthrush,26,39.0,42.0,1.44,False
ML626352724,BanasuraLaughingthrush,27,40.5,43.5,1.96,False
ML626352724,BanasuraLaughingthrush,28,42.0,45.0,1.78,False
ML626352724,BanasuraLaughingthrush,29,43.5,46.5,1.21,False
ML626352724,BanasuraLaughingthrush,30,45.0,48.0,0.81,False
ML629394826,BanasuraLaughingthrush,0,0.0,3.0,5.07,True
ML629394826,BanasuraLaughingthrush,1,1.5,4.5,5.72,True
ML629394826,BanasuraLaughingthrush,2,3.0,6.0,5.16,True
ML629394826,BanasuraLaughingthrush,3,4.5,7.5,4.53,True
ML629394826,BanasuraLaughingthrush,4,6.0,9.0,3.71,True
ML629394826,BanasuraLaughingthrush,5,7.5,10.5,3.17,True
ML629394826,BanasuraLaughingthrush,6,9.0,12.0,1.66,False
ML629394826,BanasuraLaughingthrush,7,10.5,13.5,1.58,False
ML629394826,BanasuraLaughingthrush,8,12.0,15.0,5.59,True
ML629394826,BanasuraLaughingthrush,9,13.5,16.5,4.66,True
ML629394826,BanasuraLaughingthrush,10,15.0,18.0,1.72,False
ML629394826,BanasuraLaughingthrush,11,16.5,19.5,3.74,True
ML629394826,BanasuraLaughingthrush,12,18.0,21.0,4.67,True
ML629394826,BanasuraLaughingthrush,13,19.5,22.5,0.54,False
ML629394826,BanasuraLaughingthrush,14,21.0,24.0,0.69,False
ML629394826,BanasuraLaughingthrush,15,22.5,25.5,1.56,False
ML629394826,BanasuraLaughingthrush,16,24.0,27.0,2.47,False
ML629394845,BanasuraLaughingthrush,0,0.0,3.0,4.24,True
ML629394845,BanasuraLaughingthrush,1,1.5,4.5,2.64,False
ML629394845,BanasuraLaughingthrush,2,3.0,6.0,1.13,False
ML629394845,BanasuraLaughingthrush,3,4.5,7.5,0.91,False
ML629395028,BanasuraLaughingthrush,0,0.0,3.0,7.65,True
ML629395028,BanasuraLaughingthrush,1,1.5,4.5,4.4,True
ML629395028,BanasuraLaughingthrush,2,3.0,6.0,2.31,False
ML629395028,BanasuraLaughingthrush,3,4.5,7.5,2.16,False
ML629395028,BanasuraLaughingthrush,4,6.0,9.0,1.64,False
ML629395028,BanasuraLaughingthrush,5,7.5,10.5,1.22,False
ML629395028,BanasuraLaughingthrush,6,9.0,12.0,2.35,False
ML629395204,BanasuraLaughingthrush,0,0.0,3.0,1.95,False
ML629395204,BanasuraLaughingthrush,1,1.5,4.5,2.25,False
ML629395204,BanasuraLaughingthrush,2,3.0,6.0,5.14,True
ML629395204,BanasuraLaughingthrush,3,4.5,7.5,6.56,True
ML629395423,BanasuraLaughingthrush,0,0.0,3.0,11.12,True
ML629395423,BanasuraLaughingthrush,1,1.5,4.5,13.14,True
ML629395428,BanasuraLaughingthrush,0,0.0,3.0,1.77,False
ML629395428,BanasuraLaughingthrush,1,1.5,4.5,14.34,True
ML629395428,BanasuraLaughingthrush,2,3.0,6.0,15.15,True
ML629395428,BanasuraLaughingthrush,3,4.5,7.5,7.68,True
ML629395428,BanasuraLaughingthrush,4,6.0,9.0,2.85,False
ML629395428,BanasuraLaughingthrush,5,7.5,10.5,1.15,False
ML629395428,BanasuraLaughingthrush,6,9.0,12.0,1.49,False
ML629395428,BanasuraLaughingthrush,7,10.5,13.5,6.21,True
ML629395428,BanasuraLaughingthrush,8,12.0,15.0,10.46,True
ML629395428,BanasuraLaughingthrush,9,13.5,16.5,2.45,False
ML629395428,BanasuraLaughingthrush,10,15.0,18.0,0.91,False
ML629395428,BanasuraLaughingthrush,11,16.5,19.5,1.07,False
ML629395428,BanasuraLaughingthrush,12,18.0,21.0,1.21,False
ML629395428,BanasuraLaughingthrush,13,19.5,22.5,1.38,False
ML629395494,BanasuraLaughingthrush,0,0.0,3.0,2.71,True
ML629395494,BanasuraLaughingthrush,1,1.5,4.5,1.6,False
ML629395494,BanasuraLaughingthrush,2,3.0,6.0,0.96,False
ML629395494,BanasuraLaughingthrush,3,4.5,7.5,0.84,False
ML629395494,BanasuraLaughingthrush,4,6.0,9.0,1.49,False
ML629395494,BanasuraLaughingthrush,5,7.5,10.5,2.26,False
ML629395494,BanasuraLaughingthrush,6,9.0,12.0,2.2,False
ML629395494,BanasuraLaughingthrush,7,10.5,13.5,1.85,False
ML629395494,BanasuraLaughingthrush,8,12.0,15.0,2.33,False
ML629395494,BanasuraLaughingthrush,9,13.5,16.5,2.23,False
ML629395494,BanasuraLaughingthrush,10,15.0,18.0,1.41,False
ML629395494,BanasuraLaughingthrush,11,16.5,19.5,0.8,False
ML629395494,BanasuraLaughingthrush,12,18.0,21.0,1.76,False
ML629395597,BanasuraLaughingthrush,0,0.0,3.0,5.23,True
ML629395597,BanasuraLaughingthrush,1,1.5,4.5,4.07,True
ML629395597,BanasuraLaughingthrush,2,3.0,6.0,2.14,False
ML629395597,BanasuraLaughingthrush,3,4.5,7.5,1.07,False
ML629395597,BanasuraLaughingthrush,4,6.0,9.0,1.72,False
ML629395597,BanasuraLaughingthrush,5,7.5,10.5,3.57,True
ML629395597,BanasuraLaughingthrush,6,9.0,12.0,13.03,True
ML629395629,BanasuraLaughingthrush,0,0.0,3.0,2.22,False
ML629395629,BanasuraLaughingthrush,1,1.5,4.5,2.8,False
ML629395629,BanasuraLaughingthrush,2,3.0,6.0,2.36,False
ML629395629,BanasuraLaughingthrush,3,4.5,7.5,2.24,False
ML629395629,BanasuraLaughingthrush,4,6.0,9.0,1.68,False
ML629395629,BanasuraLaughingthrush,5,7.5,10.5,0.83,False
ML629395629,BanasuraLaughingthrush,6,9.0,12.0,0.68,False
ML629395629,BanasuraLaughingthrush,7,10.5,13.5,0.95,False
ML629395629,BanasuraLaughingthrush,8,12.0,15.0,1.14,False
ML629395629,BanasuraLaughingthrush,9,13.5,16.5,4.88,True
ML629395629,BanasuraLaughingthrush,10,15.0,18.0,7.46,True
ML629395629,BanasuraLaughingthrush,11,16.5,19.5,8.97,True
ML629395629,BanasuraLaughingthrush,12,18.0,21.0,13.54,True
ML629395668,BanasuraLaughingthrush,0,0.0,3.0,1.41,False
ML629395668,BanasuraLaughingthrush,1,1.5,4.5,1.5,False
ML629395668,BanasuraLaughingthrush,2,3.0,6.0,2.14,False
ML629395668,BanasuraLaughingthrush,3,4.5,7.5,3.62,True
ML629395668,BanasuraLaughingthrush,4,6.0,9.0,13.09,True
ML629395668,BanasuraLaughingthrush,5,7.5,10.5,8.19,True
ML629395668,BanasuraLaughingthrush,6,9.0,12.0,5.24,True
ML629395668,BanasuraLaughingthrush,7,10.5,13.5,9.61,True
ML629395668,BanasuraLaughingthrush,8,12.0,15.0,7.76,True
ML629395668,BanasuraLaughingthrush,9,13.5,16.5,7.05,True
ML629395668,BanasuraLaughingthrush,10,15.0,18.0,9.09,True
ML629395668,BanasuraLaughingthrush,11,16.5,19.5,8.45,True
ML629395668,BanasuraLaughingthrush,12,18.0,21.0,7.92,True
ML629395668,BanasuraLaughingthrush,13,19.5,22.5,7.65,True
ML629395668,BanasuraLaughingthrush,14,21.0,24.0,5.94,True
ML629395668,BanasuraLaughingthrush,15,22.5,25.5,14.47,True
ML629395668,BanasuraLaughingthrush,16,24.0,27.0,26.69,True
ML629395743,BanasuraLaughingthrush,0,0.0,3.0,1.84,False
ML629395743,BanasuraLaughingthrush,1,1.5,4.5,1.44,False
ML629395743,BanasuraLaughingthrush,2,3.0,6.0,1.85,False
ML629395743,BanasuraLaughingthrush,3,4.5,7.5,3.29,True
ML629395743,BanasuraLaughingthrush,4,6.0,9.0,2.46,False
ML629395743,BanasuraLaughingthrush,5,7.5,10.5,2.47,False
ML629395743,BanasuraLaughingthrush,6,9.0,12.0,2.35,False
ML629395743,BanasuraLaughingthrush,7,10.5,13.5,1.63,False
ML629395743,BanasuraLaughingthrush,8,12.0,15.0,2.0,False
ML629395743,BanasuraLaughingthrush,9,13.5,16.5,2.29,False
ML629395743,BanasuraLaughingthrush,10,15.0,18.0,12.13,True
ML629395743,BanasuraLaughingthrush,11,16.5,19.5,12.78,True
ML629395743,BanasuraLaughingthrush,12,18.0,21.0,1.25,False
ML629395743,BanasuraLaughingthrush,13,19.5,22.5,0.83,False
ML629395743,BanasuraLaughingthrush,14,21.0,24.0,0.95,False
ML629395743,BanasuraLaughingthrush,15,22.5,25.5,1.52,False
ML629395743,BanasuraLaughingthrush,16,24.0,27.0,1.83,False
ML629395743,BanasuraLaughingthrush,17,25.5,28.5,2.73,False
ML629395743,BanasuraLaughingthrush,18,27.0,30.0,2.85,False
ML629395743,BanasuraLaughingthrush,19,28.5,31.5,1.83,False
ML629395743,BanasuraLaughingthrush,20,30.0,33.0,1.37,False
ML629395743,BanasuraLaughingthrush,21,31.5,34.5,1.27,False
ML629395743,BanasuraLaughingthrush,22,33.0,36.0,0.97,False
ML629395743,BanasuraLaughingthrush,23,34.5,37.5,0.84,False
ML629409179,BanasuraLaughingthrush,0,0.0,3.0,45.19,True
ML629409179,BanasuraLaughingthrush,1,1.5,4.5,47.39,True
ML629409179,BanasuraLaughingthrush,2,3.0,6.0,46.9,True
ML629409179,BanasuraLaughingthrush,3,4.5,7.5,48.23,True
ML629409179,BanasuraLaughingthrush,4,6.0,9.0,42.61,True
ML629409316,BanasuraLaughingthrush,0,0.0,3.0,6.31,True
ML629409316,BanasuraLaughingthrush,1,1.5,4.5,5.49,True
ML629409316,BanasuraLaughingthrush,2,3.0,6.0,4.35,True
ML629409316,BanasuraLaughingthrush,3,4.5,7.5,2.99,False
ML629409316,BanasuraLaughingthrush,4,6.0,9.0,3.27,True
ML629409316,BanasuraLaughingthrush,5,7.5,10.5,3.56,True
ML629409316,BanasuraLaughingthrush,6,9.0,12.0,2.99,False
ML629409316,BanasuraLaughingthrush,7,10.5,13.5,5.31,True
ML629409316,BanasuraLaughingthrush,8,12.0,15.0,1.23,False
ML629409316,BanasuraLaughingthrush,9,13.5,16.5,0.16,False
ML629409316,BanasuraLaughingthrush,10,15.0,18.0,0.9,False
ML629409316,BanasuraLaughingthrush,11,16.5,19.5,5.36,True
ML629409316,BanasuraLaughingthrush,12,18.0,21.0,6.14,True
ML629409316,BanasuraLaughingthrush,13,19.5,22.5,2.89,False
ML629409316,BanasuraLaughingthrush,14,21.0,24.0,3.36,True
ML629409316,BanasuraLaughingthrush,15,22.5,25.5,3.64,True
ML629409316,BanasuraLaughingthrush,16,24.0,27.0,3.32,True
ML629409316,BanasuraLaughingthrush,17,25.5,28.5,3.95,True
ML629409316,BanasuraLaughingthrush,18,27.0,30.0,4.43,True
ML629409316,BanasuraLaughingthrush,19,28.5,31.5,3.98,True
ML629409316,BanasuraLaughingthrush,20,30.0,33.0,1.63,False
ML629409316,BanasuraLaughingthrush,21,31.5,34.5,1.37,False
ML629409316,BanasuraLaughingthrush,22,33.0,36.0,1.47,False
ML629409316,BanasuraLaughingthrush,23,34.5,37.5,0.8,False
ML629454986,BanasuraLaughingthrush,0,0.0,3.0,13.5,True
ML629454986,BanasuraLaughingthrush,1,1.5,4.5,16.42,True
ML629454986,BanasuraLaughingthrush,2,3.0,6.0,16.87,True
ML629454986,BanasuraLaughingthrush,3,4.5,7.5,13.13,True
ML629454986,BanasuraLaughingthrush,4,6.0,9.0,1.5,False
ML629454986,BanasuraLaughingthrush,5,7.5,10.5,1.23,False
ML629454986,BanasuraLaughingthrush,6,9.0,12.0,2.13,False
ML629454986,BanasuraLaughingthrush,7,10.5,13.5,2.53,False
ML629454986,BanasuraLaughingthrush,8,12.0,15.0,2.89,False
ML629454988,BanasuraLaughingthrush,0,0.0,3.0,9.81,True
ML629454988,BanasuraLaughingthrush,1,1.5,4.5,7.02,True
ML629454988,BanasuraLaughingthrush,2,3.0,6.0,5.82,True
ML629454988,BanasuraLaughingthrush,3,4.5,7.5,13.76,True
ML629454988,BanasuraLaughingthrush,4,6.0,9.0,21.88,True
ML629454988,BanasuraLaughingthrush,5,7.5,10.5,16.39,True
ML629454988,BanasuraLaughingthrush,6,9.0,12.0,15.87,True
ML629454988,BanasuraLaughingthrush,7,10.5,13.5,22.02,True
ML629454988,BanasuraLaughingthrush,8,12.0,15.0,5.32,True
ML629454988,BanasuraLaughingthrush,9,13.5,16.5,3.09,True
ML629454988,BanasuraLaughingthrush,10,15.0,18.0,22.21,True
ML629454988,BanasuraLaughingthrush,11,16.5,19.5,19.7,True
ML629454988,BanasuraLaughingthrush,12,18.0,21.0,-0.08,False
ML629454991,BanasuraLaughingthrush,0,0.0,3.0,2.8,False
ML629454991,BanasuraLaughingthrush,1,1.5,4.5,9.47,True
ML629454991,BanasuraLaughingthrush,2,3.0,6.0,9.49,True
ML629454991,BanasuraLaughingthrush,3,4.5,7.5,2.91,False
ML629454991,BanasuraLaughingthrush,4,6.0,9.0,1.66,False
ML629454991,BanasuraLaughingthrush,5,7.5,10.5,1.42,False
ML629454991,BanasuraLaughingthrush,6,9.0,12.0,2.45,False
ML629454991,BanasuraLaughingthrush,7,10.5,13.5,4.75,True
ML629454991,BanasuraLaughingthrush,8,12.0,15.0,6.02,True
ML629454991,BanasuraLaughingthrush,9,13.5,16.5,2.87,False
ML629454991,BanasuraLaughingthrush,10,15.0,18.0,2.13,False
ML629454991,BanasuraLaughingthrush,11,16.5,19.5,1.09,False
ML629454991,BanasuraLaughingthrush,12,18.0,21.0,0.63,False
ML629454991,BanasuraLaughingthrush,13,19.5,22.5,0.45,False
ML629454998,BanasuraLaughingthrush,0,0.0,3.0,16.27,True
ML629454998,BanasuraLaughingthrush,1,1.5,4.5,9.75,True
ML629454998,BanasuraLaughingthrush,2,3.0,6.0,4.1,True
ML629454998,BanasuraLaughingthrush,3,4.5,7.5,11.08,True
ML629454998,BanasuraLaughingthrush,4,6.0,9.0,7.15,True
ML629455001,BanasuraLaughingthrush,0,0.0,3.0,25.7,True
ML629455001,BanasuraLaughingthrush,1,1.5,4.5,14.11,True
ML629493927,BanasuraLaughingthrush,0,0.0,3.0,12.44,True
ML629493927,BanasuraLaughingthrush,1,1.5,4.5,10.1,True
ML629493927,BanasuraLaughingthrush,2,3.0,6.0,22.51,True
ML629493927,BanasuraLaughingthrush,3,4.5,7.5,17.06,True
ML629493927,BanasuraLaughingthrush,4,6.0,9.0,4.95,True
ML629493927,BanasuraLaughingthrush,5,7.5,10.5,4.54,True
ML629493927,BanasuraLaughingthrush,6,9.0,12.0,7.01,True
ML629493927,BanasuraLaughingthrush,7,10.5,13.5,6.12,True
ML629493927,BanasuraLaughingthrush,8,12.0,15.0,6.6,True
ML629493927,BanasuraLaughingthrush,9,13.5,16.5,5.52,True
ML629493927,BanasuraLaughingthrush,10,15.0,18.0,3.12,True
ML629493928,BanasuraLaughingthrush,0,0.0,3.0,21.28,True
ML629493928,BanasuraLaughingthrush,1,1.5,4.5,10.18,True
ML629493928,BanasuraLaughingthrush,2,3.0,6.0,5.51,True
ML629493928,BanasuraLaughingthrush,3,4.5,7.5,9.38,True
ML629493928,BanasuraLaughingthrush,4,6.0,9.0,12.5,True
ML629493928,BanasuraLaughingthrush,5,7.5,10.5,13.16,True
ML629493928,BanasuraLaughingthrush,6,9.0,12.0,9.01,True
ML629493928,BanasuraLaughingthrush,7,10.5,13.5,6.5,True
ML629493928,BanasuraLaughingthrush,8,12.0,15.0,1.78,False
ML629493928,BanasuraLaughingthrush,9,13.5,16.5,1.45,False
ML629493928,BanasuraLaughingthrush,10,15.0,18.0,4.14,True
ML629493928,BanasuraLaughingthrush,11,16.5,19.5,4.16,True
ML629493928,BanasuraLaughingthrush,12,18.0,21.0,5.18,True
ML629894238,BanasuraLaughingthrush,0,0.0,3.0,7.82,True
ML629894238,BanasuraLaughingthrush,1,1.5,4.5,2.36,False
ML629894238,BanasuraLaughingthrush,2,3.0,6.0,2.5,False
ML629894238,BanasuraLaughingthrush,3,4.5,7.5,4.71,True
ML629894238,BanasuraLaughingthrush,4,6.0,9.0,2.74,False
ML629894238,BanasuraLaughingthrush,5,7.5,10.5,0.77,False
ML629894238,BanasuraLaughingthrush,6,9.0,12.0,2.15,False
ML629894238,BanasuraLaughingthrush,7,10.5,13.5,5.09,True
ML629894238,BanasuraLaughingthrush,8,12.0,15.0,2.14,False
ML629894238,BanasuraLaughingthrush,9,13.5,16.5,4.35,True
ML629895712,BanasuraLaughingthrush,0,0.0,3.0,14.88,True
ML629895712,BanasuraLaughingthrush,1,1.5,4.5,14.4,True
ML629895712,BanasuraLaughingthrush,2,3.0,6.0,4.65,True
ML629895712,BanasuraLaughingthrush,3,4.5,7.5,11.51,True
ML629895712,BanasuraLaughingthrush,4,6.0,9.0,10.39,True
ML629895712,BanasuraLaughingthrush,5,7.5,10.5,3.08,True
ML629895712,BanasuraLaughingthrush,6,9.0,12.0,15.47,True
ML629895712,BanasuraLaughingthrush,7,10.5,13.5,10.28,True
ML629895712,BanasuraLaughingthrush,8,12.0,15.0,1.85,False
ML629895712,BanasuraLaughingthrush,9,13.5,16.5,1.1,False
ML629895712,BanasuraLaughingthrush,10,15.0,18.0,3.46,True
ML629895712,BanasuraLaughingthrush,11,16.5,19.5,2.2,False
ML629895712,BanasuraLaughingthrush,12,18.0,21.0,1.23,False
ML96577511,BanasuraLaughingthrush,0,0.0,3.0,2.72,False
ML96577511,BanasuraLaughingthrush,1,1.5,4.5,1.79,False
ML96577511,BanasuraLaughingthrush,2,3.0,6.0,1.2,False
ML96577511,BanasuraLaughingthrush,3,4.5,7.5,1.81,False
ML96577511,BanasuraLaughingthrush,4,6.0,9.0,3.9,True
ML96577511,BanasuraLaughingthrush,5,7.5,10.5,5.85,True
ML96577511,BanasuraLaughingthrush,6,9.0,12.0,3.08,True
ML96577511,BanasuraLaughingthrush,7,10.5,13.5,1.03,False
ML96577511,BanasuraLaughingthrush,8,12.0,15.0,1.14,False
ML96577511,BanasuraLaughingthrush,9,13.5,16.5,1.44,False
ML96577511,BanasuraLaughingthrush,10,15.0,18.0,2.18,False
ML96577511,BanasuraLaughingthrush,11,16.5,19.5,3.52,True
ML96577511,BanasuraLaughingthrush,12,18.0,21.0,5.03,True
ML96577511,BanasuraLaughingthrush,13,19.5,22.5,6.34,True
ML96577511,BanasuraLaughingthrush,14,21.0,24.0,4.81,True
ML96577511,BanasuraLaughingthrush,15,22.5,25.5,4.31,True
ML96577511,BanasuraLaughingthrush,16,24.0,27.0,3.93,True
ML96577511,BanasuraLaughingthrush,17,25.5,28.5,2.34,False
ML96577511,BanasuraLaughingthrush,18,27.0,30.0,2.09,False
ML96577511,BanasuraLaughingthrush,19,28.5,31.5,1.65,False
ML96577511,BanasuraLaughingthrush,20,30.0,33.0,1.12,False
ML96577511,BanasuraLaughingthrush,21,31.5,34.5,2.17,False
ML96577511,BanasuraLaughingthrush,22,33.0,36.0,2.71,False
ML96577511,BanasuraLaughingthrush,23,34.5,37.5,5.72,True
ML96577511,BanasuraLaughingthrush,24,36.0,39.0,13.72,True
ML96577511,BanasuraLaughingthrush,25,37.5,40.5,1.31,False
ML96577511,BanasuraLaughingthrush,26,39.0,42.0,0.9,False
ML96577511,BanasuraLaughingthrush,27,40.5,43.5,0.83,False
ML96577511,BanasuraLaughingthrush,28,42.0,45.0,0.77,False
ML96577511,BanasuraLaughingthrush,29,43.5,46.5,0.88,False
ML96577511,BanasuraLaughingthrush,30,45.0,48.0,1.26,False
ML96577511,BanasuraLaughingthrush,31,46.5,49.5,1.73,False
ML96577511,BanasuraLaughingthrush,32,48.0,51.0,1.53,False
ML96577511,BanasuraLaughingthrush,33,49.5,52.5,1.09,False
ML96577511,BanasuraLaughingthrush,34,51.0,54.0,0.6,False
ML96577511,BanasuraLaughingthrush,35,52.5,55.5,0.97,False
ML96577511,BanasuraLaughingthrush,36,54.0,57.0,2.2,False
ML96577511,BanasuraLaughingthrush,37,55.5,58.5,0.95,False
ML96577511,BanasuraLaughingthrush,38,57.0,60.0,0.54,False
ML96577511,BanasuraLaughingthrush,39,58.5,61.5,0.6,False
ML96577511,BanasuraLaughingthrush,40,60.0,63.0,0.55,False
ML96577511,BanasuraLaughingthrush,41,61.5,64.5,0.58,False
ML96577511,BanasuraLaughingthrush,42,63.0,66.0,1.0,False
ML96577511,BanasuraLaughingthrush,43,64.5,67.5,1.25,False
ML96577511,BanasuraLaughingthrush,44,66.0,69.0,0.88,False
ML96577511,BanasuraLaughingthrush,45,67.5,70.5,0.74,False
ML96577511,BanasuraLaughingthrush,46,69.0,72.0,1.21,False
ML96577511,BanasuraLaughingthrush,47,70.5,73.5,-51.7,False
ML96579061,BanasuraLaughingthrush,0,0.0,3.0,10.42,True
ML96579061,BanasuraLaughingthrush,1,1.5,4.5,11.23,True
ML96579061,BanasuraLaughingthrush,2,3.0,6.0,8.14,True
ML96579061,BanasuraLaughingthrush,3,4.5,7.5,8.08,True
ML96579061,BanasuraLaughingthrush,4,6.0,9.0,9.27,True
ML96579061,BanasuraLaughingthrush,5,7.5,10.5,7.94,True
ML96579061,BanasuraLaughingthrush,6,9.0,12.0,5.89,True
ML96579061,BanasuraLaughingthrush,7,10.5,13.5,6.12,True
ML96579061,BanasuraLaughingthrush,8,12.0,15.0,6.81,True
ML96579061,BanasuraLaughingthrush,9,13.5,16.5,9.61,True
ML96579061,BanasuraLaughingthrush,10,15.0,18.0,11.93,True
ML96579061,BanasuraLaughingthrush,11,16.5,19.5,4.39,True
ML96579061,BanasuraLaughingthrush,12,18.0,21.0,2.93,False
ML96579061,BanasuraLaughingthrush,13,19.5,22.5,2.95,False
ML96579061,BanasuraLaughingthrush,14,21.0,24.0,4.13,True
ML96579061,BanasuraLaughingthrush,15,22.5,25.5,8.71,True
ML96579061,BanasuraLaughingthrush,16,24.0,27.0,9.53,True
ML96579061,BanasuraLaughingthrush,17,25.5,28.5,8.57,True
ML96579061,BanasuraLaughingthrush,18,27.0,30.0,5.33,True
ML96579061,BanasuraLaughingthrush,19,28.5,31.5,2.46,False
ML96579061,BanasuraLaughingthrush,20,30.0,33.0,3.08,True
ML96579061,BanasuraLaughingthrush,21,31.5,34.5,3.89,True
ML96579061,BanasuraLaughingthrush,22,33.0,36.0,4.13,True
ML96579061,BanasuraLaughingthrush,23,34.5,37.5,5.13,True
ML96579061,BanasuraLaughingthrush,24,36.0,39.0,4.89,True
ML96579061,BanasuraLaughingthrush,25,37.5,40.5,4.02,True
ML96579061,BanasuraLaughingthrush,26,39.0,42.0,3.55,True
ML96579061,BanasuraLaughingthrush,27,40.5,43.5,2.68,False
ML96579061,BanasuraLaughingthrush,28,42.0,45.0,1.25,False
ML96579061,BanasuraLaughingthrush,29,43.5,46.5,0.74,False
ML96579061,BanasuraLaughingthrush,30,45.0,48.0,2.67,False
ML96579061,BanasuraLaughingthrush,31,46.5,49.5,6.7,True
ML96579061,BanasuraLaughingthrush,32,48.0,51.0,9.43,True
ML96579061,BanasuraLaughingthrush,33,49.5,52.5,10.95,True
ML96579061,BanasuraLaughingthrush,34,51.0,54.0,7.47,True
ML96579061,BanasuraLaughingthrush,35,52.5,55.5,3.66,True
ML96579061,BanasuraLaughingthrush,36,54.0,57.0,4.6,True
ML96579061,BanasuraLaughingthrush,37,55.5,58.5,4.78,True
ML96579061,BanasuraLaughingthrush,38,57.0,60.0,4.12,True
ML96579061,BanasuraLaughingthrush,39,58.5,61.5,3.38,True
ML96579061,BanasuraLaughingthrush,40,60.0,63.0,4.59,True
ML96579061,BanasuraLaughingthrush,41,61.5,64.5,6.0,True
ML96579061,BanasuraLaughingthrush,42,63.0,66.0,6.84,True
ML96579061,BanasuraLaughingthrush,43,64.5,67.5,9.12,True
ML96579061,BanasuraLaughingthrush,44,66.0,69.0,8.36,True
ML96579061,BanasuraLaughingthrush,45,67.5,70.5,7.55,True
ML96579061,BanasuraLaughingthrush,46,69.0,72.0,10.18,True
ML96579061,BanasuraLaughingthrush,47,70.5,73.5,8.48,True
ML96579061,BanasuraLaughingthrush,48,72.0,75.0,5.27,True
ML96579061,BanasuraLaughingthrush,49,73.5,76.5,7.25,True
ML96579061,BanasuraLaughingthrush,50,75.0,78.0,7.17,True
ML96579061,BanasuraLaughingthrush,51,76.5,79.5,6.48,True
ML96579061,BanasuraLaughingthrush,52,78.0,81.0,7.09,True
ML96579061,BanasuraLaughingthrush,53,79.5,82.5,6.74,True
ML96579061,BanasuraLaughingthrush,54,81.0,84.0,6.33,True
ML96579061,BanasuraLaughingthrush,55,82.5,85.5,7.12,True
ML96579061,BanasuraLaughingthrush,56,84.0,87.0,9.25,True
ML96579091,BanasuraLaughingthrush,0,0.0,3.0,7.42,True
ML96579091,BanasuraLaughingthrush,1,1.5,4.5,8.59,True
ML96579091,BanasuraLaughingthrush,2,3.0,6.0,8.96,True
ML96579091,BanasuraLaughingthrush,3,4.5,7.5,8.39,True
ML96579091,BanasuraLaughingthrush,4,6.0,9.0,8.49,True
ML96579091,BanasuraLaughingthrush,5,7.5,10.5,8.03,True
ML96579091,BanasuraLaughingthrush,6,9.0,12.0,9.02,True
ML96579091,BanasuraLaughingthrush,7,10.5,13.5,9.58,True
ML96579091,BanasuraLaughingthrush,8,12.0,15.0,10.55,True
ML96579091,BanasuraLaughingthrush,9,13.5,16.5,10.56,True
ML96579091,BanasuraLaughingthrush,10,15.0,18.0,9.94,True
ML96579091,BanasuraLaughingthrush,11,16.5,19.5,8.1,True
ML96579091,BanasuraLaughingthrush,12,18.0,21.0,7.89,True
ML96579091,BanasuraLaughingthrush,13,19.5,22.5,9.54,True
ML96579091,BanasuraLaughingthrush,14,21.0,24.0,9.16,True
ML96579091,BanasuraLaughingthrush,15,22.5,25.5,7.53,True
ML96579091,BanasuraLaughingthrush,16,24.0,27.0,5.12,True
ML96579091,BanasuraLaughingthrush,17,25.5,28.5,4.76,True
ML96579091,BanasuraLaughingthrush,18,27.0,30.0,4.88,True
ML96579091,BanasuraLaughingthrush,19,28.5,31.5,3.85,True
ML96579091,BanasuraLaughingthrush,20,30.0,33.0,3.87,True
ML96579091,BanasuraLaughingthrush,21,31.5,34.5,5.04,True
ML96579091,BanasuraLaughingthrush,22,33.0,36.0,5.6,True
ML96579091,BanasuraLaughingthrush,23,34.5,37.5,5.24,True
ML96579091,BanasuraLaughingthrush,24,36.0,39.0,5.13,True
ML96579091,BanasuraLaughingthrush,25,37.5,40.5,5.81,True
ML96579091,BanasuraLaughingthrush,26,39.0,42.0,6.93,True
ML96579091,BanasuraLaughingthrush,27,40.5,43.5,6.6,True
ML96579091,BanasuraLaughingthrush,28,42.0,45.0,3.56,True
ML96579091,BanasuraLaughingthrush,29,43.5,46.5,-0.26,False
ML96579091,BanasuraLaughingthrush,30,45.0,48.0,3.14,True
ML96579091,BanasuraLaughingthrush,31,46.5,49.5,5.55,True
ML96579091,BanasuraLaughingthrush,32,48.0,51.0,5.13,True
ML96579091,BanasuraLaughingthrush,33,49.5,52.5,4.36,True
ML96579091,BanasuraLaughingthrush,34,51.0,54.0,4.62,True
ML96579091,BanasuraLaughingthrush,35,52.5,55.5,7.84,True
ML96579091,BanasuraLaughingthrush,36,54.0,57.0,7.24,True
ML96579091,BanasuraLaughingthrush,37,55.5,58.5,5.51,True
ML96579091,BanasuraLaughingthrush,38,57.0,60.0,5.97,True
ML96579091,BanasuraLaughingthrush,39,58.5,61.5,5.74,True
ML96579091,BanasuraLaughingthrush,40,60.0,63.0,7.22,True
ML96579091,BanasuraLaughingthrush,41,61.5,64.5,9.27,True
ML96579091,BanasuraLaughingthrush,42,63.0,66.0,9.6,True
ML96579091,BanasuraLaughingthrush,43,64.5,67.5,8.47,True
ML96579091,BanasuraLaughingthrush,44,66.0,69.0,7.42,True
ML96579091,BanasuraLaughingthrush,45,67.5,70.5,7.23,True
ML96579091,BanasuraLaughingthrush,46,69.0,72.0,7.58,True
ML96579091,BanasuraLaughingthrush,47,70.5,73.5,5.91,True
ML96579091,BanasuraLaughingthrush,48,72.0,75.0,3.15,True
ML96579091,BanasuraLaughingthrush,49,73.5,76.5,5.17,True
ML96579091,BanasuraLaughingthrush,50,75.0,78.0,5.6,True
ML96579091,BanasuraLaughingthrush,51,76.5,79.5,4.17,True
ML96579091,BanasuraLaughingthrush,52,78.0,81.0,5.43,True
ML96579091,BanasuraLaughingthrush,53,79.5,82.5,6.79,True
ML96579091,BanasuraLaughingthrush,54,81.0,84.0,7.32,True
ML96579091,BanasuraLaughingthrush,55,82.5,85.5,5.95,True
ML96579091,BanasuraLaughingthrush,56,84.0,87.0,5.1,True
ML96579091,BanasuraLaughingthrush,57,85.5,88.5,6.39,True
ML96579091,BanasuraLaughingthrush,58,87.0,90.0,8.82,True
ML96579091,BanasuraLaughingthrush,59,88.5,91.5,10.86,True
ML96579091,BanasuraLaughingthrush,60,90.0,93.0,10.65,True
ML96579091,BanasuraLaughingthrush,61,91.5,94.5,6.66,True
ML96579091,BanasuraLaughingthrush,62,93.0,96.0,3.62,True
ML96579091,BanasuraLaughingthrush,63,94.5,97.5,3.25,True
ML96579091,BanasuraLaughingthrush,64,96.0,99.0,3.19,True
ML96579091,BanasuraLaughingthrush,65,97.5,100.5,4.13,True
ML96579311,BanasuraLaughingthrush,0,0.0,3.0,7.21,True
ML96579311,BanasuraLaughingthrush,1,1.5,4.5,6.34,True
ML96579311,BanasuraLaughingthrush,2,3.0,6.0,6.34,True
ML96579311,BanasuraLaughingthrush,3,4.5,7.5,2.98,False
ML96579311,BanasuraLaughingthrush,4,6.0,9.0,2.48,False
ML96579311,BanasuraLaughingthrush,5,7.5,10.5,6.32,True
ML96579311,BanasuraLaughingthrush,6,9.0,12.0,6.3,True
ML96579311,BanasuraLaughingthrush,7,10.5,13.5,5.07,True
ML96579311,BanasuraLaughingthrush,8,12.0,15.0,3.96,True
ML96579311,BanasuraLaughingthrush,9,13.5,16.5,6.07,True
ML96579311,BanasuraLaughingthrush,10,15.0,18.0,5.79,True
ML96579311,BanasuraLaughingthrush,11,16.5,19.5,6.85,True
ML96579311,BanasuraLaughingthrush,12,18.0,21.0,6.48,True
ML96579311,BanasuraLaughingthrush,13,19.5,22.5,2.4,False
ML96579421,BanasuraLaughingthrush,0,0.0,3.0,-0.66,False
ML96579421,BanasuraLaughingthrush,1,1.5,4.5,2.21,False
ML96579421,BanasuraLaughingthrush,2,3.0,6.0,4.57,True
ML96579421,BanasuraLaughingthrush,3,4.5,7.5,7.42,True
ML96579421,BanasuraLaughingthrush,4,6.0,9.0,7.29,True
ML96579421,BanasuraLaughingthrush,5,7.5,10.5,6.34,True
ML96579421,BanasuraLaughingthrush,6,9.0,12.0,17.82,True
ML96579421,BanasuraLaughingthrush,7,10.5,13.5,23.72,True
ML96579421,BanasuraLaughingthrush,8,12.0,15.0,18.39,True
ML96579421,BanasuraLaughingthrush,9,13.5,16.5,10.33,True
ML96579421,BanasuraLaughingthrush,10,15.0,18.0,15.05,True
ML96579421,BanasuraLaughingthrush,11,16.5,19.5,19.0,True
ML96579421,BanasuraLaughingthrush,12,18.0,21.0,12.89,True
ML96579421,BanasuraLaughingthrush,13,19.5,22.5,8.6,True
ML96579421,BanasuraLaughingthrush,14,21.0,24.0,4.34,True
ML96579421,BanasuraLaughingthrush,15,22.5,25.5,2.77,False
ML96579421,BanasuraLaughingthrush,16,24.0,27.0,3.22,True
ML96579421,BanasuraLaughingthrush,17,25.5,28.5,5.69,True
ML96579421,BanasuraLaughingthrush,18,27.0,30.0,7.89,True
ML96579421,BanasuraLaughingthrush,19,28.5,31.5,6.55,True
ML96579421,BanasuraLaughingthrush,20,30.0,33.0,6.23,True
ML96579421,BanasuraLaughingthrush,21,31.5,34.5,3.2,True
ML96579421,BanasuraLaughingthrush,22,33.0,36.0,7.43,True
ML96579421,BanasuraLaughingthrush,23,34.5,37.5,12.54,True
ML96579421,BanasuraLaughingthrush,24,36.0,39.0,13.86,True
ML96579751,BanasuraLaughingthrush,0,0.0,3.0,-42.71,False
ML96579751,BanasuraLaughingthrush,1,1.5,4.5,-42.37,False
ML96579751,BanasuraLaughingthrush,2,3.0,6.0,1.28,False
ML96579751,BanasuraLaughingthrush,3,4.5,7.5,7.09,True
ML96579751,BanasuraLaughingthrush,4,6.0,9.0,1.41,False
ML96579751,BanasuraLaughingthrush,5,7.5,10.5,1.06,False
ML96579751,BanasuraLaughingthrush,6,9.0,12.0,4.77,True
ML96579751,BanasuraLaughingthrush,7,10.5,13.5,4.73,True
ML96579751,BanasuraLaughingthrush,8,12.0,15.0,5.17,True
ML96579751,BanasuraLaughingthrush,9,13.5,16.5,5.25,True
ML96579751,BanasuraLaughingthrush,10,15.0,18.0,5.4,True
ML96579751,BanasuraLaughingthrush,11,16.5,19.5,6.03,True
ML96579751,BanasuraLaughingthrush,12,18.0,21.0,4.42,True
ML96579751,BanasuraLaughingthrush,13,19.5,22.5,4.83,True
ML96579751,BanasuraLaughingthrush,14,21.0,24.0,4.77,True
ML96579751,BanasuraLaughingthrush,15,22.5,25.5,4.49,True
ML96579751,BanasuraLaughingthrush,16,24.0,27.0,5.89,True
ML96579751,BanasuraLaughingthrush,17,25.5,28.5,6.04,True
ML96579751,BanasuraLaughingthrush,18,27.0,30.0,4.2,True
ML96579751,BanasuraLaughingthrush,19,28.5,31.5,3.1,True
ML96579751,BanasuraLaughingthrush,20,30.0,33.0,2.07,False
ML96579751,BanasuraLaughingthrush,21,31.5,34.5,1.16,False
ML96579751,BanasuraLaughingthrush,22,33.0,36.0,1.23,False
ML96579751,BanasuraLaughingthrush,23,34.5,37.5,1.11,False
ML96579751,BanasuraLaughingthrush,24,36.0,39.0,1.7,False
ML96579751,BanasuraLaughingthrush,25,37.5,40.5,3.79,True
ML96579751,BanasuraLaughingthrush,26,39.0,42.0,3.69,True
ML96579751,BanasuraLaughingthrush,27,40.5,43.5,3.03,True
ML96579751,BanasuraLaughingthrush,28,42.0,45.0,3.41,True
ML96579751,BanasuraLaughingthrush,29,43.5,46.5,3.77,True
ML96579751,BanasuraLaughingthrush,30,45.0,48.0,2.59,False
ML96579751,BanasuraLaughingthrush,31,46.5,49.5,2.25,False
ML96579751,BanasuraLaughingthrush,32,48.0,51.0,2.66,False
ML96579751,BanasuraLaughingthrush,33,49.5,52.5,1.62,False
ML96579751,BanasuraLaughingthrush,34,51.0,54.0,0.9,False
ML96579751,BanasuraLaughingthrush,35,52.5,55.5,2.58,False
ML96579751,BanasuraLaughingthrush,36,54.0,57.0,4.82,True
ML96579751,BanasuraLaughingthrush,37,55.5,58.5,5.35,True
ML96579751,BanasuraLaughingthrush,38,57.0,60.0,6.18,True
ML151150491,BugunLiocichla,0,0.0,3.0,12.74,True
ML151150491,BugunLiocichla,1,1.5,4.5,12.08,True
ML151150491,BugunLiocichla,2,3.0,6.0,2.81,False
ML151150491,BugunLiocichla,3,4.5,7.5,2.37,False
ML151150491,BugunLiocichla,4,6.0,9.0,0.81,False
ML151150491,BugunLiocichla,5,7.5,10.5,1.2,False
ML151150491,BugunLiocichla,6,9.0,12.0,7.75,True
ML151150491,BugunLiocichla,7,10.5,13.5,13.42,True
ML151150491,BugunLiocichla,8,12.0,15.0,9.15,True
ML151150491,BugunLiocichla,9,13.5,16.5,5.14,True
ML151150491,BugunLiocichla,10,15.0,18.0,8.87,True
ML151150491,BugunLiocichla,11,16.5,19.5,7.57,True
ML151150491,BugunLiocichla,12,18.0,21.0,7.61,True
ML151150491,BugunLiocichla,13,19.5,22.5,11.28,True
ML151150491,BugunLiocichla,14,21.0,24.0,15.45,True
ML151150491,BugunLiocichla,15,22.5,25.5,19.22,True
ML151150491,BugunLiocichla,16,24.0,27.0,16.04,True
ML151150491,BugunLiocichla,17,25.5,28.5,14.01,True
ML151150491,BugunLiocichla,18,27.0,30.0,13.65,True
ML151150491,BugunLiocichla,19,28.5,31.5,13.94,True
ML151150491,BugunLiocichla,20,30.0,33.0,15.01,True
ML151150491,BugunLiocichla,21,31.5,34.5,15.16,True
ML151150491,BugunLiocichla,22,33.0,36.0,15.86,True
ML151150491,BugunLiocichla,23,34.5,37.5,13.88,True
ML151150491,BugunLiocichla,24,36.0,39.0,12.38,True
ML151150491,BugunLiocichla,25,37.5,40.5,15.73,True
ML151150491,BugunLiocichla,26,39.0,42.0,16.92,True
ML151150491,BugunLiocichla,27,40.5,43.5,16.61,True
ML151225921,BugunLiocichla,0,0.0,3.0,17.17,True
ML151225921,BugunLiocichla,1,1.5,4.5,22.32,True
ML151225921,BugunLiocichla,2,3.0,6.0,19.36,True
ML151225921,BugunLiocichla,3,4.5,7.5,4.95,True
ML151225921,BugunLiocichla,4,6.0,9.0,-0.11,False
ML151225921,BugunLiocichla,5,7.5,10.5,15.51,True
ML151225921,BugunLiocichla,6,9.0,12.0,22.14,True
ML151225921,BugunLiocichla,7,10.5,13.5,19.92,True
ML151225921,BugunLiocichla,8,12.0,15.0,4.05,True
ML151225921,BugunLiocichla,9,13.5,16.5,2.51,False
ML151225921,BugunLiocichla,10,15.0,18.0,15.89,True
ML151225921,BugunLiocichla,11,16.5,19.5,19.3,True
ML151225921,BugunLiocichla,12,18.0,21.0,21.82,True
ML151225921,BugunLiocichla,13,19.5,22.5,12.53,True
ML151225921,BugunLiocichla,14,21.0,24.0,1.04,False
ML151225921,BugunLiocichla,15,22.5,25.5,3.72,True
ML151225921,BugunLiocichla,16,24.0,27.0,22.03,True
ML151225921,BugunLiocichla,17,25.5,28.5,26.9,True
ML151225921,BugunLiocichla,18,27.0,30.0,26.06,True
ML151225921,BugunLiocichla,19,28.5,31.5,16.4,True
ML151225951,BugunLiocichla,0,0.0,3.0,1.09,False
ML151225951,BugunLiocichla,1,1.5,4.5,17.88,True
ML151225951,BugunLiocichla,2,3.0,6.0,26.03,True
ML151225951,BugunLiocichla,3,4.5,7.5,12.29,True
ML151225951,BugunLiocichla,4,6.0,9.0,2.19,False
ML151225951,BugunLiocichla,5,7.5,10.5,15.79,True
ML151225951,BugunLiocichla,6,9.0,12.0,16.51,True
ML151225951,BugunLiocichla,7,10.5,13.5,19.91,True
ML151225951,BugunLiocichla,8,12.0,15.0,25.03,True
ML151225951,BugunLiocichla,9,13.5,16.5,16.71,True
ML151225951,BugunLiocichla,10,15.0,18.0,14.72,True
ML151225951,BugunLiocichla,11,16.5,19.5,13.58,True
ML151225951,BugunLiocichla,12,18.0,21.0,11.59,True
ML151225951,BugunLiocichla,13,19.5,22.5,18.19,True
ML151225951,BugunLiocichla,14,21.0,24.0,25.11,True
ML151225951,BugunLiocichla,15,22.5,25.5,16.03,True
ML151225951,BugunLiocichla,16,24.0,27.0,14.68,True
ML151225951,BugunLiocichla,17,25.5,28.5,16.42,True
ML151225951,BugunLiocichla,18,27.0,30.0,18.3,True
ML151225951,BugunLiocichla,19,28.5,31.5,22.24,True
ML151225951,BugunLiocichla,20,30.0,33.0,14.43,True
ML151225951,BugunLiocichla,21,31.5,34.5,16.61,True
ML151225951,BugunLiocichla,22,33.0,36.0,14.32,True
ML151225961,BugunLiocichla,0,0.0,3.0,1.27,False
ML151225961,BugunLiocichla,1,1.5,4.5,24.25,True
ML151225961,BugunLiocichla,2,3.0,6.0,10.0,True
ML151225961,BugunLiocichla,3,4.5,7.5,3.47,True
ML151225961,BugunLiocichla,4,6.0,9.0,-0.03,False
ML151225961,BugunLiocichla,5,7.5,10.5,0.04,False
ML151225961,BugunLiocichla,6,9.0,12.0,5.35,True
ML151225961,BugunLiocichla,7,10.5,13.5,24.43,True
ML151225961,BugunLiocichla,8,12.0,15.0,25.35,True
ML151225961,BugunLiocichla,9,13.5,16.5,23.7,True
ML151225961,BugunLiocichla,10,15.0,18.0,10.31,True
ML151225961,BugunLiocichla,11,16.5,19.5,3.75,True
ML151225961,BugunLiocichla,12,18.0,21.0,2.49,False
ML151225961,BugunLiocichla,13,19.5,22.5,7.88,True
ML151225961,BugunLiocichla,14,21.0,24.0,19.28,True
ML151225961,BugunLiocichla,15,22.5,25.5,5.79,True
ML151225961,BugunLiocichla,16,24.0,27.0,1.81,False
ML151225961,BugunLiocichla,17,25.5,28.5,22.94,True
ML151225961,BugunLiocichla,18,27.0,30.0,24.63,True
ML151225961,BugunLiocichla,19,28.5,31.5,20.05,True
ML151225961,BugunLiocichla,20,30.0,33.0,11.26,True
ML151225961,BugunLiocichla,21,31.5,34.5,9.7,True
ML151225961,BugunLiocichla,22,33.0,36.0,26.31,True
ML151225961,BugunLiocichla,23,34.5,37.5,25.55,True
ML151226021,BugunLiocichla,0,0.0,3.0,3.14,True
ML151226021,BugunLiocichla,1,1.5,4.5,15.29,True
ML151226021,BugunLiocichla,2,3.0,6.0,23.82,True
ML151226021,BugunLiocichla,3,4.5,7.5,14.79,True
ML151226021,BugunLiocichla,4,6.0,9.0,13.97,True
ML151226021,BugunLiocichla,5,7.5,10.5,17.76,True
ML151226021,BugunLiocichla,6,9.0,12.0,18.43,True
ML151226021,BugunLiocichla,7,10.5,13.5,3.79,True
ML151226021,BugunLiocichla,8,12.0,15.0,1.03,False
ML151226021,BugunLiocichla,9,13.5,16.5,11.84,True
ML151226021,BugunLiocichla,10,15.0,18.0,20.21,True
ML151226021,BugunLiocichla,11,16.5,19.5,23.86,True
ML151226021,BugunLiocichla,12,18.0,21.0,13.27,True
ML151226021,BugunLiocichla,13,19.5,22.5,10.1,True
ML151226021,BugunLiocichla,14,21.0,24.0,19.22,True
ML151226021,BugunLiocichla,15,22.5,25.5,23.8,True
ML151226021,BugunLiocichla,16,24.0,27.0,22.14,True
ML151226021,BugunLiocichla,17,25.5,28.5,7.9,True
ML151226021,BugunLiocichla,18,27.0,30.0,14.99,True
ML151226021,BugunLiocichla,19,28.5,31.5,19.82,True
ML151226021,BugunLiocichla,20,30.0,33.0,25.2,True
ML151226021,BugunLiocichla,21,31.5,34.5,10.63,True
ML151226021,BugunLiocichla,22,33.0,36.0,5.4,True
ML151226021,BugunLiocichla,23,34.5,37.5,14.64,True
ML151226021,BugunLiocichla,24,36.0,39.0,13.32,True
ML151226021,BugunLiocichla,25,37.5,40.5,19.13,True
ML151226021,BugunLiocichla,26,39.0,42.0,23.83,True
ML151226021,BugunLiocichla,27,40.5,43.5,18.5,True
ML151226021,BugunLiocichla,28,42.0,45.0,12.02,True
ML151226021,BugunLiocichla,29,43.5,46.5,11.27,True
ML151226021,BugunLiocichla,30,45.0,48.0,26.48,True
ML151226021,BugunLiocichla,31,46.5,49.5,23.96,True
ML151226021,BugunLiocichla,32,48.0,51.0,7.67,True
ML151226021,BugunLiocichla,33,49.5,52.5,3.15,True
ML151226021,BugunLiocichla,34,51.0,54.0,6.34,True
ML151226021,BugunLiocichla,35,52.5,55.5,18.62,True
ML151226021,BugunLiocichla,36,54.0,57.0,25.09,True
ML151226021,BugunLiocichla,37,55.5,58.5,15.74,True
ML151226021,BugunLiocichla,38,57.0,60.0,3.99,True
ML151226021,BugunLiocichla,39,58.5,61.5,4.3,True
ML151226021,BugunLiocichla,40,60.0,63.0,13.38,True
ML151226021,BugunLiocichla,41,61.5,64.5,12.88,True
ML151226021,BugunLiocichla,42,63.0,66.0,7.42,True
ML151226021,BugunLiocichla,43,64.5,67.5,25.27,True
ML151226021,BugunLiocichla,44,66.0,69.0,24.3,True
ML151226021,BugunLiocichla,45,67.5,70.5,12.32,True
ML151226021,BugunLiocichla,46,69.0,72.0,0.34,False
ML151226021,BugunLiocichla,47,70.5,73.5,1.02,False
ML151226021,BugunLiocichla,48,72.0,75.0,4.12,True
ML151226021,BugunLiocichla,49,73.5,76.5,23.76,True
ML151226021,BugunLiocichla,50,75.0,78.0,0.02,False
ML226103081,BugunLiocichla,0,0.0,3.0,10.72,True
ML226103081,BugunLiocichla,1,1.5,4.5,26.16,True
ML226103081,BugunLiocichla,2,3.0,6.0,7.37,True
ML226103081,BugunLiocichla,3,4.5,7.5,6.19,True
ML226103081,BugunLiocichla,4,6.0,9.0,10.35,True
ML226103081,BugunLiocichla,5,7.5,10.5,17.51,True
ML226103081,BugunLiocichla,6,9.0,12.0,12.16,True
ML226103081,BugunLiocichla,7,10.5,13.5,27.19,True
ML226103081,BugunLiocichla,8,12.0,15.0,6.29,True
ML226103081,BugunLiocichla,9,13.5,16.5,-1.46,False
ML226103081,BugunLiocichla,10,15.0,18.0,5.97,True
ML226103081,BugunLiocichla,11,16.5,19.5,10.05,True
ML226103081,BugunLiocichla,12,18.0,21.0,4.63,True
ML226103081,BugunLiocichla,13,19.5,22.5,4.48,True
ML226103081,BugunLiocichla,14,21.0,24.0,4.46,True
ML226103081,BugunLiocichla,15,22.5,25.5,4.17,True
ML226103081,BugunLiocichla,16,24.0,27.0,3.77,True
ML226103081,BugunLiocichla,17,25.5,28.5,3.91,True
ML226103081,BugunLiocichla,18,27.0,30.0,11.36,True
ML226103081,BugunLiocichla,19,28.5,31.5,6.24,True
ML226103081,BugunLiocichla,20,30.0,33.0,4.85,True
ML226103081,BugunLiocichla,21,31.5,34.5,6.51,True
ML226103081,BugunLiocichla,22,33.0,36.0,5.56,True
ML226103081,BugunLiocichla,23,34.5,37.5,5.27,True
ML226103081,BugunLiocichla,24,36.0,39.0,5.4,True
ML226103081,BugunLiocichla,25,37.5,40.5,5.74,True
ML226103081,BugunLiocichla,26,39.0,42.0,3.36,True
ML226103081,BugunLiocichla,27,40.5,43.5,1.89,False
ML226103081,BugunLiocichla,28,42.0,45.0,4.74,True
ML226103081,BugunLiocichla,29,43.5,46.5,36.56,True
ML236434,BugunLiocichla,0,0.0,3.0,21.31,True
ML236434,BugunLiocichla,1,1.5,4.5,21.22,True
ML236434,BugunLiocichla,2,3.0,6.0,20.79,True
ML236434,BugunLiocichla,3,4.5,7.5,21.15,True
ML236434,BugunLiocichla,4,6.0,9.0,18.67,True
ML236434,BugunLiocichla,5,7.5,10.5,13.01,True
ML236434,BugunLiocichla,6,9.0,12.0,25.0,True
ML236434,BugunLiocichla,7,10.5,13.5,26.54,True
ML236434,BugunLiocichla,8,12.0,15.0,27.22,True
ML236434,BugunLiocichla,9,13.5,16.5,26.63,True
ML236434,BugunLiocichla,10,15.0,18.0,26.16,True
ML236434,BugunLiocichla,11,16.5,19.5,25.94,True
ML236434,BugunLiocichla,12,18.0,21.0,25.99,True
ML236434,BugunLiocichla,13,19.5,22.5,26.26,True
ML236434,BugunLiocichla,14,21.0,24.0,26.55,True
ML236434,BugunLiocichla,15,22.5,25.5,25.99,True
ML236434,BugunLiocichla,16,24.0,27.0,25.44,True
ML236434,BugunLiocichla,17,25.5,28.5,25.32,True
ML236434,BugunLiocichla,18,27.0,30.0,25.17,True
ML236434,BugunLiocichla,19,28.5,31.5,25.2,True
ML236434,BugunLiocichla,20,30.0,33.0,25.27,True
ML236434,BugunLiocichla,21,31.5,34.5,25.54,True
ML236434,BugunLiocichla,22,33.0,36.0,25.48,True
ML236434,BugunLiocichla,23,34.5,37.5,25.42,True
ML236434,BugunLiocichla,24,36.0,39.0,25.68,True
ML236434,BugunLiocichla,25,37.5,40.5,25.75,True
ML236434,BugunLiocichla,26,39.0,42.0,14.46,True
ML236434,BugunLiocichla,27,40.5,43.5,7.23,True
ML236434,BugunLiocichla,28,42.0,45.0,17.67,True
ML236434,BugunLiocichla,29,43.5,46.5,18.3,True
ML236434,BugunLiocichla,30,45.0,48.0,17.6,True
ML236434,BugunLiocichla,31,46.5,49.5,17.4,True
ML236434,BugunLiocichla,32,48.0,51.0,17.95,True
ML236434,BugunLiocichla,33,49.5,52.5,17.28,True
ML236434,BugunLiocichla,34,51.0,54.0,17.2,True
ML236434,BugunLiocichla,35,52.5,55.5,17.56,True
ML236434,BugunLiocichla,36,54.0,57.0,17.12,True
ML236434,BugunLiocichla,37,55.5,58.5,16.56,True
ML236434,BugunLiocichla,38,57.0,60.0,16.38,True
ML236434,BugunLiocichla,39,58.5,61.5,17.51,True
ML236434,BugunLiocichla,40,60.0,63.0,19.63,True
ML236434,BugunLiocichla,41,61.5,64.5,20.2,True
ML236434,BugunLiocichla,42,63.0,66.0,18.95,True
ML236434,BugunLiocichla,43,64.5,67.5,20.2,True
ML236434,BugunLiocichla,44,66.0,69.0,18.71,True
ML236434,BugunLiocichla,45,67.5,70.5,18.15,True
ML236434,BugunLiocichla,46,69.0,72.0,18.84,True
ML236434,BugunLiocichla,47,70.5,73.5,21.96,True
ML236434,BugunLiocichla,48,72.0,75.0,21.51,True
ML236434,BugunLiocichla,49,73.5,76.5,18.1,True
ML236434,BugunLiocichla,50,75.0,78.0,18.0,True
ML236434,BugunLiocichla,51,76.5,79.5,18.47,True
ML236434,BugunLiocichla,52,78.0,81.0,18.99,True
ML236434,BugunLiocichla,53,79.5,82.5,20.7,True
ML236434,BugunLiocichla,54,81.0,84.0,19.39,True
ML236434,BugunLiocichla,55,82.5,85.5,18.53,True
ML236434,BugunLiocichla,56,84.0,87.0,18.09,True
ML236434,BugunLiocichla,57,85.5,88.5,17.93,True
ML236434,BugunLiocichla,58,87.0,90.0,18.1,True
ML236434,BugunLiocichla,59,88.5,91.5,19.36,True
ML236434,BugunLiocichla,60,90.0,93.0,20.73,True
ML236434,BugunLiocichla,61,91.5,94.5,19.19,True
ML236434,BugunLiocichla,62,93.0,96.0,18.48,True
ML236434,BugunLiocichla,63,94.5,97.5,18.33,True
ML236434,BugunLiocichla,64,96.0,99.0,19.63,True
ML236434,BugunLiocichla,65,97.5,100.5,19.88,True
ML236434,BugunLiocichla,66,99.0,102.0,18.81,True
ML236434,BugunLiocichla,67,100.5,103.5,17.81,True
ML236434,BugunLiocichla,68,102.0,105.0,18.06,True
ML236434,BugunLiocichla,69,103.5,106.5,18.4,True
ML236434,BugunLiocichla,70,105.0,108.0,18.32,True
ML236434,BugunLiocichla,71,106.5,109.5,17.93,True
ML236434,BugunLiocichla,72,108.0,111.0,17.49,True
ML236434,BugunLiocichla,73,109.5,112.5,17.85,True
ML236434,BugunLiocichla,74,111.0,114.0,18.23,True
ML236434,BugunLiocichla,75,112.5,115.5,18.12,True
ML236434,BugunLiocichla,76,114.0,117.0,19.1,True
ML236434,BugunLiocichla,77,115.5,118.5,17.93,True
ML236434,BugunLiocichla,78,117.0,120.0,17.48,True
ML236434,BugunLiocichla,79,118.5,121.5,17.26,True
ML236434,BugunLiocichla,80,120.0,123.0,12.59,True
ML236434,BugunLiocichla,81,121.5,124.5,16.28,True
ML236434,BugunLiocichla,82,123.0,126.0,18.54,True
ML236434,BugunLiocichla,83,124.5,127.5,18.9,True
ML236434,BugunLiocichla,84,126.0,129.0,18.28,True
ML236434,BugunLiocichla,85,127.5,130.5,17.69,True
ML236434,BugunLiocichla,86,129.0,132.0,17.8,True
ML236434,BugunLiocichla,87,130.5,133.5,17.12,True
ML236434,BugunLiocichla,88,132.0,135.0,17.0,True
ML236434,BugunLiocichla,89,133.5,136.5,17.78,True
ML236434,BugunLiocichla,90,135.0,138.0,21.84,True
ML236434,BugunLiocichla,91,136.5,139.5,22.51,True
ML236434,BugunLiocichla,92,138.0,141.0,18.75,True
ML236434,BugunLiocichla,93,139.5,142.5,16.5,True
ML236434,BugunLiocichla,94,141.0,144.0,17.68,True
ML236434,BugunLiocichla,95,142.5,145.5,22.08,True
ML236434,BugunLiocichla,96,144.0,147.0,18.07,True
ML236434,BugunLiocichla,97,145.5,148.5,16.46,True
ML236434,BugunLiocichla,98,147.0,150.0,16.11,True
ML236434,BugunLiocichla,99,148.5,151.5,16.48,True
ML236434,BugunLiocichla,100,150.0,153.0,16.84,True
ML236434,BugunLiocichla,101,151.5,154.5,17.31,True
ML236434,BugunLiocichla,102,153.0,156.0,20.04,True
ML236434,BugunLiocichla,103,154.5,157.5,18.9,True
ML236434,BugunLiocichla,104,156.0,159.0,17.74,True
ML236434,BugunLiocichla,105,157.5,160.5,17.37,True
ML236434,BugunLiocichla,106,159.0,162.0,17.33,True
ML236434,BugunLiocichla,107,160.5,163.5,18.52,True
ML236434,BugunLiocichla,108,162.0,165.0,17.68,True
ML236434,BugunLiocichla,109,163.5,166.5,17.09,True
ML236434,BugunLiocichla,110,165.0,168.0,17.57,True
ML236434,BugunLiocichla,111,166.5,169.5,17.31,True
ML236434,BugunLiocichla,112,168.0,171.0,16.42,True
ML236434,BugunLiocichla,113,169.5,172.5,16.53,True
ML236434,BugunLiocichla,114,171.0,174.0,17.78,True
ML236434,BugunLiocichla,115,172.5,175.5,18.01,True
ML236434,BugunLiocichla,116,174.0,177.0,17.64,True
ML236434,BugunLiocichla,117,175.5,178.5,17.97,True
ML236434,BugunLiocichla,118,177.0,180.0,18.22,True
ML236434,BugunLiocichla,119,178.5,181.5,18.63,True
ML236434,BugunLiocichla,120,180.0,183.0,18.41,True
ML236434,BugunLiocichla,121,181.5,184.5,18.55,True
ML236434,BugunLiocichla,122,183.0,186.0,19.18,True
ML236434,BugunLiocichla,123,184.5,187.5,17.36,True
ML236434,BugunLiocichla,124,186.0,189.0,16.83,True
ML236434,BugunLiocichla,125,187.5,190.5,16.5,True
ML236434,BugunLiocichla,126,189.0,192.0,9.79,True
ML236434,BugunLiocichla,127,190.5,193.5,14.72,True
ML236434,BugunLiocichla,128,192.0,195.0,20.16,True
ML236434,BugunLiocichla,129,193.5,196.5,22.33,True
ML236434,BugunLiocichla,130,195.0,198.0,23.36,True
ML236434,BugunLiocichla,131,196.5,199.5,24.13,True
ML236434,BugunLiocichla,132,198.0,201.0,25.55,True
ML236434,BugunLiocichla,133,199.5,202.5,22.75,True
ML236434,BugunLiocichla,134,201.0,204.0,9.02,True
ML236434,BugunLiocichla,135,202.5,205.5,16.51,True
ML236434,BugunLiocichla,136,204.0,207.0,15.53,True
ML236434,BugunLiocichla,137,205.5,208.5,14.96,True
ML236434,BugunLiocichla,138,207.0,210.0,23.2,True
ML236434,BugunLiocichla,139,208.5,211.5,16.13,True
ML236434,BugunLiocichla,140,210.0,213.0,15.24,True
ML236434,BugunLiocichla,141,211.5,214.5,14.9,True
ML236434,BugunLiocichla,142,213.0,216.0,15.38,True
ML236434,BugunLiocichla,143,214.5,217.5,17.21,True
ML236434,BugunLiocichla,144,216.0,219.0,15.64,True
ML236434,BugunLiocichla,145,217.5,220.5,14.52,True
ML236434,BugunLiocichla,146,219.0,222.0,15.23,True
ML236434,BugunLiocichla,147,220.5,223.5,16.43,True
ML236434,BugunLiocichla,148,222.0,225.0,15.91,True
ML236434,BugunLiocichla,149,223.5,226.5,15.33,True
ML236434,BugunLiocichla,150,225.0,228.0,15.26,True
ML236434,BugunLiocichla,151,226.5,229.5,15.38,True
ML236434,BugunLiocichla,152,228.0,231.0,15.43,True
ML236434,BugunLiocichla,153,229.5,232.5,15.45,True
ML236434,BugunLiocichla,154,231.0,234.0,15.62,True
ML236434,BugunLiocichla,155,232.5,235.5,16.79,True
ML236434,BugunLiocichla,156,234.0,237.0,21.06,True
ML236434,BugunLiocichla,157,235.5,238.5,16.71,True
ML236434,BugunLiocichla,158,237.0,240.0,18.95,True
ML236434,BugunLiocichla,159,238.5,241.5,15.5,True
ML236434,BugunLiocichla,160,240.0,243.0,15.05,True
ML236434,BugunLiocichla,161,241.5,244.5,16.84,True
ML236434,BugunLiocichla,162,243.0,246.0,16.95,True
ML236434,BugunLiocichla,163,244.5,247.5,15.07,True
ML236434,BugunLiocichla,164,246.0,249.0,14.65,True
ML236434,BugunLiocichla,165,247.5,250.5,15.24,True
ML236434,BugunLiocichla,166,249.0,252.0,16.61,True
ML236434,BugunLiocichla,167,250.5,253.5,15.13,True
ML236434,BugunLiocichla,168,252.0,255.0,14.67,True
ML236434,BugunLiocichla,169,253.5,256.5,15.69,True
ML236434,BugunLiocichla,170,255.0,258.0,17.03,True
ML236434,BugunLiocichla,171,256.5,259.5,15.53,True
ML236434,BugunLiocichla,172,258.0,261.0,14.81,True
ML236434,BugunLiocichla,173,259.5,262.5,15.0,True
ML236434,BugunLiocichla,174,261.0,264.0,18.22,True
ML236434,BugunLiocichla,175,262.5,265.5,22.67,True
ML236434,BugunLiocichla,176,264.0,267.0,15.89,True
ML236434,BugunLiocichla,177,265.5,268.5,17.03,True
ML236434,BugunLiocichla,178,267.0,270.0,17.09,True
ML236434,BugunLiocichla,179,268.5,271.5,17.07,True
ML236434,BugunLiocichla,180,270.0,273.0,16.55,True
ML236434,BugunLiocichla,181,271.5,274.5,15.88,True
ML236434,BugunLiocichla,182,273.0,276.0,15.76,True
ML236434,BugunLiocichla,183,274.5,277.5,18.13,True
ML236434,BugunLiocichla,184,276.0,279.0,17.67,True
ML236434,BugunLiocichla,185,277.5,280.5,16.6,True
ML236434,BugunLiocichla,186,279.0,282.0,17.51,True
ML236434,BugunLiocichla,187,280.5,283.5,18.79,True
ML236434,BugunLiocichla,188,282.0,285.0,18.64,True
ML236434,BugunLiocichla,189,283.5,286.5,16.88,True
ML236434,BugunLiocichla,190,285.0,288.0,15.48,True
ML236434,BugunLiocichla,191,286.5,289.5,15.12,True
ML236434,BugunLiocichla,192,288.0,291.0,15.84,True
ML236434,BugunLiocichla,193,289.5,292.5,17.79,True
ML236434,BugunLiocichla,194,291.0,294.0,16.81,True
ML236434,BugunLiocichla,195,292.5,295.5,14.91,True
ML236434,BugunLiocichla,196,294.0,297.0,15.4,True
ML236434,BugunLiocichla,197,295.5,298.5,15.73,True
ML236434,BugunLiocichla,198,297.0,300.0,15.02,True
ML236434,BugunLiocichla,199,298.5,301.5,16.04,True
ML236434,BugunLiocichla,200,300.0,303.0,16.49,True
ML236434,BugunLiocichla,201,301.5,304.5,15.52,True
ML236434,BugunLiocichla,202,303.0,306.0,14.84,True
ML236434,BugunLiocichla,203,304.5,307.5,14.5,True
ML236434,BugunLiocichla,204,306.0,309.0,15.07,True
ML236434,BugunLiocichla,205,307.5,310.5,17.65,True
ML236434,BugunLiocichla,206,309.0,312.0,15.94,True
ML236434,BugunLiocichla,207,310.5,313.5,15.23,True
ML236434,BugunLiocichla,208,312.0,315.0,15.55,True
ML236434,BugunLiocichla,209,313.5,316.5,16.48,True
ML236434,BugunLiocichla,210,315.0,318.0,16.55,True
ML236434,BugunLiocichla,211,316.5,319.5,15.7,True
ML236434,BugunLiocichla,212,318.0,321.0,16.52,True
ML236434,BugunLiocichla,213,319.5,322.5,16.42,True
ML236434,BugunLiocichla,214,321.0,324.0,16.17,True
ML236434,BugunLiocichla,215,322.5,325.5,16.83,True
ML236434,BugunLiocichla,216,324.0,327.0,14.98,True
ML236434,BugunLiocichla,217,325.5,328.5,14.83,True
ML236434,BugunLiocichla,218,327.0,330.0,14.91,True
ML236434,BugunLiocichla,219,328.5,331.5,9.09,True
ML236434,BugunLiocichla,220,330.0,333.0,9.87,True
ML236434,BugunLiocichla,221,331.5,334.5,18.43,True
ML236434,BugunLiocichla,222,333.0,336.0,13.52,True
ML236434,BugunLiocichla,223,334.5,337.5,10.46,True
ML236434,BugunLiocichla,224,336.0,339.0,10.18,True
ML236434,BugunLiocichla,225,337.5,340.5,10.08,True
ML236434,BugunLiocichla,226,339.0,342.0,10.22,True
ML236434,BugunLiocichla,227,340.5,343.5,10.1,True
ML236434,BugunLiocichla,228,342.0,345.0,11.31,True
ML236434,BugunLiocichla,229,343.5,346.5,16.37,True
ML236434,BugunLiocichla,230,345.0,348.0,9.83,True
ML236434,BugunLiocichla,231,346.5,349.5,9.94,True
ML236434,BugunLiocichla,232,348.0,351.0,10.6,True
ML236434,BugunLiocichla,233,349.5,352.5,13.94,True
ML236434,BugunLiocichla,234,351.0,354.0,15.57,True
ML236434,BugunLiocichla,235,352.5,355.5,9.65,True
ML236434,BugunLiocichla,236,354.0,357.0,8.29,True
ML236434,BugunLiocichla,237,355.5,358.5,8.06,True
ML236434,BugunLiocichla,238,357.0,360.0,-7.27,False
ML236434,BugunLiocichla,239,358.5,361.5,-4.1,False
ML236434,BugunLiocichla,240,360.0,363.0,18.06,True
ML236434,BugunLiocichla,241,361.5,364.5,17.19,True
ML236434,BugunLiocichla,242,363.0,366.0,1.88,False
ML236434,BugunLiocichla,243,364.5,367.5,2.12,False
ML236434,BugunLiocichla,244,366.0,369.0,16.36,True
ML236434,BugunLiocichla,245,367.5,370.5,1.65,False
ML236434,BugunLiocichla,246,369.0,372.0,1.15,False
ML236434,BugunLiocichla,247,370.5,373.5,5.66,True
ML236434,BugunLiocichla,248,372.0,375.0,1.63,False
ML236434,BugunLiocichla,249,373.5,376.5,12.0,True
ML236434,BugunLiocichla,250,375.0,378.0,18.24,True
ML236434,BugunLiocichla,251,376.5,379.5,1.69,False
ML236434,BugunLiocichla,252,378.0,381.0,0.49,False
ML236434,BugunLiocichla,253,379.5,382.5,13.55,True
ML236434,BugunLiocichla,254,381.0,384.0,2.36,False
ML236434,BugunLiocichla,255,382.5,385.5,0.41,False
ML236434,BugunLiocichla,256,384.0,387.0,0.77,False
ML236434,BugunLiocichla,257,385.5,388.5,15.31,True
ML236434,BugunLiocichla,258,387.0,390.0,3.57,True
ML236434,BugunLiocichla,259,388.5,391.5,5.63,True
ML236434,BugunLiocichla,260,390.0,393.0,20.22,True
ML236434,BugunLiocichla,261,391.5,394.5,5.58,True
ML236434,BugunLiocichla,262,393.0,396.0,5.79,True
ML236434,BugunLiocichla,263,394.5,397.5,7.98,True
ML236434,BugunLiocichla,264,396.0,399.0,0.42,False
ML236434,BugunLiocichla,265,397.5,400.5,0.8,False
ML236434,BugunLiocichla,266,399.0,402.0,16.02,True
ML236434,BugunLiocichla,267,400.5,403.5,0.6,False
ML236434,BugunLiocichla,268,402.0,405.0,0.09,False
ML236434,BugunLiocichla,269,403.5,406.5,5.5,True
ML236434,BugunLiocichla,270,405.0,408.0,2.5,False
ML236434,BugunLiocichla,271,406.5,409.5,14.18,True
ML236434,BugunLiocichla,272,408.0,411.0,15.15,True
ML236434,BugunLiocichla,273,409.5,412.5,0.02,False
ML236434,BugunLiocichla,274,411.0,414.0,-0.19,False
ML236434,BugunLiocichla,275,412.5,415.5,0.17,False
ML236434,BugunLiocichla,276,414.0,417.0,18.08,True
ML236434,BugunLiocichla,277,415.5,418.5,17.19,True
ML236434,BugunLiocichla,278,417.0,420.0,1.17,False
ML236434,BugunLiocichla,279,418.5,421.5,0.72,False
ML236434,BugunLiocichla,280,420.0,423.0,-6.44,False
ML236434,BugunLiocichla,281,421.5,424.5,5.68,True
ML236434,BugunLiocichla,282,423.0,426.0,6.89,True
ML236434,BugunLiocichla,283,424.5,427.5,9.05,True
ML236434,BugunLiocichla,284,426.0,429.0,17.65,True
ML236434,BugunLiocichla,285,427.5,430.5,13.64,True
ML236434,BugunLiocichla,286,429.0,432.0,7.9,True
ML236434,BugunLiocichla,287,430.5,433.5,7.97,True
ML236434,BugunLiocichla,288,432.0,435.0,7.24,True
ML236434,BugunLiocichla,289,433.5,436.5,6.43,True
ML236434,BugunLiocichla,290,435.0,438.0,6.94,True
ML236434,BugunLiocichla,291,436.5,439.5,8.16,True
ML236434,BugunLiocichla,292,438.0,441.0,8.01,True
ML236434,BugunLiocichla,293,439.5,442.5,6.5,True
ML236434,BugunLiocichla,294,441.0,444.0,6.41,True
ML236434,BugunLiocichla,295,442.5,445.5,8.08,True
ML236434,BugunLiocichla,296,444.0,447.0,9.23,True
ML236434,BugunLiocichla,297,445.5,448.5,9.15,True
ML236434,BugunLiocichla,298,447.0,450.0,5.95,True
ML236434,BugunLiocichla,299,448.5,451.5,6.03,True
ML236434,BugunLiocichla,300,450.0,453.0,6.64,True
ML236434,BugunLiocichla,301,451.5,454.5,7.28,True
ML236434,BugunLiocichla,302,453.0,456.0,9.95,True
ML236434,BugunLiocichla,303,454.5,457.5,10.6,True
ML236434,BugunLiocichla,304,456.0,459.0,9.33,True
ML236434,BugunLiocichla,305,457.5,460.5,7.95,True
ML236434,BugunLiocichla,306,459.0,462.0,4.31,True
ML236434,BugunLiocichla,307,460.5,463.5,13.59,True
ML236434,BugunLiocichla,308,462.0,465.0,12.94,True
ML236434,BugunLiocichla,309,463.5,466.5,11.94,True
ML236434,BugunLiocichla,310,465.0,468.0,11.74,True
ML236434,BugunLiocichla,311,466.5,469.5,11.05,True
ML236434,BugunLiocichla,312,468.0,471.0,10.82,True
ML236434,BugunLiocichla,313,469.5,472.5,11.47,True
ML236434,BugunLiocichla,314,471.0,474.0,13.65,True
ML236434,BugunLiocichla,315,472.5,475.5,12.05,True
ML236434,BugunLiocichla,316,474.0,477.0,11.58,True
ML236434,BugunLiocichla,317,475.5,478.5,11.83,True
ML236434,BugunLiocichla,318,477.0,480.0,23.65,True
ML236434,BugunLiocichla,319,478.5,481.5,11.42,True
ML236434,BugunLiocichla,320,480.0,483.0,10.98,True
ML236434,BugunLiocichla,321,481.5,484.5,11.42,True
ML236434,BugunLiocichla,322,483.0,486.0,11.93,True
ML236434,BugunLiocichla,323,484.5,487.5,12.68,True
ML236434,BugunLiocichla,324,486.0,489.0,11.56,True
ML236434,BugunLiocichla,325,487.5,490.5,11.16,True
ML236434,BugunLiocichla,326,489.0,492.0,9.82,True
ML236434,BugunLiocichla,327,490.5,493.5,-13.53,False
ML236434,BugunLiocichla,328,492.0,495.0,-4.78,False
ML236434,BugunLiocichla,329,493.5,496.5,3.89,True
ML236434,BugunLiocichla,330,495.0,498.0,3.41,True
ML236434,BugunLiocichla,331,496.5,499.5,-3.83,False
ML236434,BugunLiocichla,332,498.0,501.0,3.28,True
ML236434,BugunLiocichla,333,499.5,502.5,-3.41,False
ML236434,BugunLiocichla,334,501.0,504.0,-7.91,False
ML236434,BugunLiocichla,335,502.5,505.5,4.82,True
ML236434,BugunLiocichla,336,504.0,507.0,1.61,False
ML236434,BugunLiocichla,337,505.5,508.5,-0.72,False
ML236434,BugunLiocichla,338,507.0,510.0,0.08,False
ML236434,BugunLiocichla,339,508.5,511.5,7.11,True
ML236434,BugunLiocichla,340,510.0,513.0,-4.13,False
ML236434,BugunLiocichla,341,511.5,514.5,-9.38,False
ML236434,BugunLiocichla,342,513.0,516.0,0.34,False
ML236434,BugunLiocichla,343,514.5,517.5,4.56,True
ML236434,BugunLiocichla,344,516.0,519.0,10.37,True
ML236434,BugunLiocichla,345,517.5,520.5,11.71,True
ML236434,BugunLiocichla,346,519.0,522.0,5.95,True
ML236434,BugunLiocichla,347,520.5,523.5,-2.29,False
ML236434,BugunLiocichla,348,522.0,525.0,1.88,False
ML236434,BugunLiocichla,349,523.5,526.5,-2.52,False
ML236434,BugunLiocichla,350,525.0,528.0,-1.09,False
ML236434,BugunLiocichla,351,526.5,529.5,2.18,False
ML236434,BugunLiocichla,352,528.0,531.0,-5.1,False
ML236434,BugunLiocichla,353,529.5,532.5,1.99,False
ML236434,BugunLiocichla,354,531.0,534.0,-0.98,False
ML236434,BugunLiocichla,355,532.5,535.5,-6.64,False
ML236434,BugunLiocichla,356,534.0,537.0,-8.74,False
ML236434,BugunLiocichla,357,535.5,538.5,-10.72,False
ML236434,BugunLiocichla,358,537.0,540.0,-11.06,False
ML236434,BugunLiocichla,359,538.5,541.5,-4.25,False
ML236434,BugunLiocichla,360,540.0,543.0,16.19,True
ML236434,BugunLiocichla,361,541.5,544.5,7.66,True
ML236434,BugunLiocichla,362,543.0,546.0,-4.16,False
ML236434,BugunLiocichla,363,544.5,547.5,-0.58,False
ML236434,BugunLiocichla,364,546.0,549.0,10.5,True
ML236434,BugunLiocichla,365,547.5,550.5,7.48,True
ML236434,BugunLiocichla,366,549.0,552.0,-6.14,False
ML236434,BugunLiocichla,367,550.5,553.5,0.16,False
ML236434,BugunLiocichla,368,552.0,555.0,11.53,True
ML236434,BugunLiocichla,369,553.5,556.5,1.2,False
ML236434,BugunLiocichla,370,555.0,558.0,3.93,True
ML236434,BugunLiocichla,371,556.5,559.5,11.88,True
ML236434,BugunLiocichla,372,558.0,561.0,-7.0,False
ML236434,BugunLiocichla,373,559.5,562.5,-4.45,False
ML236434,BugunLiocichla,374,561.0,564.0,17.48,True
ML236434,BugunLiocichla,375,562.5,565.5,19.06,True
ML236434,BugunLiocichla,376,564.0,567.0,17.75,True
ML236434,BugunLiocichla,377,565.5,568.5,17.53,True
ML236434,BugunLiocichla,378,567.0,570.0,18.81,True
ML236434,BugunLiocichla,379,568.5,571.5,17.23,True
ML236434,BugunLiocichla,380,570.0,573.0,16.9,True
ML236434,BugunLiocichla,381,571.5,574.5,20.92,True
ML236434,BugunLiocichla,382,573.0,576.0,19.44,True
ML236434,BugunLiocichla,383,574.5,577.5,14.36,True
ML236434,BugunLiocichla,384,576.0,579.0,17.44,True
ML236434,BugunLiocichla,385,577.5,580.5,19.08,True
ML236434,BugunLiocichla,386,579.0,582.0,18.74,True
ML236434,BugunLiocichla,387,580.5,583.5,11.27,True
ML236434,BugunLiocichla,388,582.0,585.0,9.38,True
ML236434,BugunLiocichla,389,583.5,586.5,9.3,True
ML236434,BugunLiocichla,390,585.0,588.0,10.51,True
ML236434,BugunLiocichla,391,586.5,589.5,16.85,True
ML236434,BugunLiocichla,392,588.0,591.0,16.21,True
ML236434,BugunLiocichla,393,589.5,592.5,21.47,True
ML236434,BugunLiocichla,394,591.0,594.0,18.38,True
ML236434,BugunLiocichla,395,592.5,595.5,14.59,True
ML236434,BugunLiocichla,396,594.0,597.0,16.16,True
ML236434,BugunLiocichla,397,595.5,598.5,15.77,True
ML325904421,BugunLiocichla,0,0.0,3.0,14.92,True
ML488567461,BugunLiocichla,0,0.0,3.0,14.29,True
ML488567461,BugunLiocichla,1,1.5,4.5,4.68,True
ML488567461,BugunLiocichla,2,3.0,6.0,4.34,True
ML488567461,BugunLiocichla,3,4.5,7.5,10.76,True
ML488567461,BugunLiocichla,4,6.0,9.0,7.42,True
ML488567461,BugunLiocichla,5,7.5,10.5,2.39,False
ML488567461,BugunLiocichla,6,9.0,12.0,5.7,True
ML488567461,BugunLiocichla,7,10.5,13.5,7.57,True
ML488567461,BugunLiocichla,8,12.0,15.0,3.13,True
ML488567461,BugunLiocichla,9,13.5,16.5,6.05,True
ML488567461,BugunLiocichla,10,15.0,18.0,8.24,True
ML488567461,BugunLiocichla,11,16.5,19.5,1.19,False
ML488567461,BugunLiocichla,12,18.0,21.0,3.96,True
ML488567461,BugunLiocichla,13,19.5,22.5,9.63,True
ML488567461,BugunLiocichla,14,21.0,24.0,4.94,True
ML488567461,BugunLiocichla,15,22.5,25.5,3.71,True
ML488567461,BugunLiocichla,16,24.0,27.0,6.88,True
ML488567461,BugunLiocichla,17,25.5,28.5,8.44,True
ML488567461,BugunLiocichla,18,27.0,30.0,3.71,True
ML488567461,BugunLiocichla,19,28.5,31.5,6.28,True
ML488567461,BugunLiocichla,20,30.0,33.0,15.6,True
ML488567461,BugunLiocichla,21,31.5,34.5,6.23,True
ML488567461,BugunLiocichla,22,33.0,36.0,3.35,True
ML488567461,BugunLiocichla,23,34.5,37.5,8.16,True
ML488567461,BugunLiocichla,24,36.0,39.0,19.56,True
ML488567461,BugunLiocichla,25,37.5,40.5,5.93,True
ML488567461,BugunLiocichla,26,39.0,42.0,3.76,True
ML488567461,BugunLiocichla,27,40.5,43.5,7.15,True
ML488567461,BugunLiocichla,28,42.0,45.0,11.65,True
ML488567471,BugunLiocichla,0,0.0,3.0,15.59,True
ML488567471,BugunLiocichla,1,1.5,4.5,10.27,True
ML488567471,BugunLiocichla,2,3.0,6.0,15.27,True
ML488567471,BugunLiocichla,3,4.5,7.5,11.58,True
ML488567471,BugunLiocichla,4,6.0,9.0,3.4,True
ML488567471,BugunLiocichla,5,7.5,10.5,3.79,True
ML488567471,BugunLiocichla,6,9.0,12.0,4.51,True
ML488567471,BugunLiocichla,7,10.5,13.5,5.42,True
ML488567471,BugunLiocichla,8,12.0,15.0,5.8,True
ML488567471,BugunLiocichla,9,13.5,16.5,8.34,True
ML492363181,BugunLiocichla,0,0.0,3.0,11.1,True
ML492363181,BugunLiocichla,1,1.5,4.5,7.08,True
ML492363181,BugunLiocichla,2,3.0,6.0,1.13,False
ML492363181,BugunLiocichla,3,4.5,7.5,3.7,True
ML492363181,BugunLiocichla,4,6.0,9.0,20.18,True
ML492363181,BugunLiocichla,5,7.5,10.5,15.16,True
ML492363181,BugunLiocichla,6,9.0,12.0,7.45,True
ML492363181,BugunLiocichla,7,10.5,13.5,4.43,True
ML492363181,BugunLiocichla,8,12.0,15.0,4.13,True
ML492363181,BugunLiocichla,9,13.5,16.5,3.41,True
ML492363181,BugunLiocichla,10,15.0,18.0,1.34,False
ML492363181,BugunLiocichla,11,16.5,19.5,10.92,True
ML492363181,BugunLiocichla,12,18.0,21.0,15.97,True
ML492363181,BugunLiocichla,13,19.5,22.5,12.27,True
ML492363181,BugunLiocichla,14,21.0,24.0,6.88,True
ML492363181,BugunLiocichla,15,22.5,25.5,3.61,True
ML492363181,BugunLiocichla,16,24.0,27.0,1.28,False
ML492363181,BugunLiocichla,17,25.5,28.5,0.64,False
ML492363181,BugunLiocichla,18,27.0,30.0,8.59,True
ML492363181,BugunLiocichla,19,28.5,31.5,18.5,True
ML492363181,BugunLiocichla,20,30.0,33.0,5.11,True
ML492363181,BugunLiocichla,21,31.5,34.5,4.42,True
ML492363181,BugunLiocichla,22,33.0,36.0,8.65,True
ML492363181,BugunLiocichla,23,34.5,37.5,17.8,True
ML492363181,BugunLiocichla,24,36.0,39.0,8.23,True
ML492363181,BugunLiocichla,25,37.5,40.5,5.55,True
ML492363181,BugunLiocichla,26,39.0,42.0,18.79,True
ML492363181,BugunLiocichla,27,40.5,43.5,20.5,True
ML492363181,BugunLiocichla,28,42.0,45.0,5.5,True
ML492363181,BugunLiocichla,29,43.5,46.5,2.43,False
ML492363181,BugunLiocichla,30,45.0,48.0,-0.13,False
ML492363181,BugunLiocichla,31,46.5,49.5,2.79,False
ML492363181,BugunLiocichla,32,48.0,51.0,6.03,True
ML492363181,BugunLiocichla,33,49.5,52.5,22.54,True
ML492363181,BugunLiocichla,34,51.0,54.0,17.54,True
ML492363181,BugunLiocichla,35,52.5,55.5,1.66,False
ML492363181,BugunLiocichla,36,54.0,57.0,5.38,True
ML492363181,BugunLiocichla,37,55.5,58.5,10.12,True
ML492363181,BugunLiocichla,38,57.0,60.0,13.98,True
ML492363181,BugunLiocichla,39,58.5,61.5,22.69,True
ML492363181,BugunLiocichla,40,60.0,63.0,24.42,True
ML492363181,BugunLiocichla,41,61.5,64.5,0.9,False
ML492363181,BugunLiocichla,42,63.0,66.0,0.77,False
ML492363181,BugunLiocichla,43,64.5,67.5,4.81,True
ML492363181,BugunLiocichla,44,66.0,69.0,6.32,True
ML492363181,BugunLiocichla,45,67.5,70.5,21.36,True
ML492363181,BugunLiocichla,46,69.0,72.0,23.66,True
ML492363181,BugunLiocichla,47,70.5,73.5,22.02,True
ML492363181,BugunLiocichla,48,72.0,75.0,9.15,True
ML492363181,BugunLiocichla,49,73.5,76.5,0.83,False
ML492363181,BugunLiocichla,50,75.0,78.0,4.86,True
ML492363181,BugunLiocichla,51,76.5,79.5,15.35,True
ML492363181,BugunLiocichla,52,78.0,81.0,15.84,True
ML492363181,BugunLiocichla,53,79.5,82.5,20.41,True
ML492363181,BugunLiocichla,54,81.0,84.0,8.13,True
ML492363181,BugunLiocichla,55,82.5,85.5,2.04,False
ML492363181,BugunLiocichla,56,84.0,87.0,2.1,False
ML492363181,BugunLiocichla,57,85.5,88.5,7.46,True
ML492363181,BugunLiocichla,58,87.0,90.0,16.41,True
ML492363181,BugunLiocichla,59,88.5,91.5,18.98,True
ML492363181,BugunLiocichla,60,90.0,93.0,12.02,True
ML492363181,BugunLiocichla,61,91.5,94.5,3.23,True
ML492363181,BugunLiocichla,62,93.0,96.0,4.75,True
ML492363181,BugunLiocichla,63,94.5,97.5,15.93,True
ML492363181,BugunLiocichla,64,96.0,99.0,13.59,True
ML492363181,BugunLiocichla,65,97.5,100.5,2.55,False
ML492363181,BugunLiocichla,66,99.0,102.0,2.82,False
ML492363181,BugunLiocichla,67,100.5,103.5,4.14,True
ML492363181,BugunLiocichla,68,102.0,105.0,15.09,True
ML492363181,BugunLiocichla,69,103.5,106.5,18.76,True
ML492363181,BugunLiocichla,70,105.0,108.0,2.07,False
ML492363181,BugunLiocichla,71,106.5,109.5,2.99,False
ML492363181,BugunLiocichla,72,108.0,111.0,7.61,True
ML492363181,BugunLiocichla,73,109.5,112.5,12.19,True
ML496530611,BugunLiocichla,0,0.0,3.0,3.93,True
ML496530611,BugunLiocichla,1,1.5,4.5,3.98,True
ML496530611,BugunLiocichla,2,3.0,6.0,2.83,False
ML496530611,BugunLiocichla,3,4.5,7.5,1.23,False
ML496530611,BugunLiocichla,4,6.0,9.0,0.73,False
ML496530611,BugunLiocichla,5,7.5,10.5,2.48,False
ML496530611,BugunLiocichla,6,9.0,12.0,2.01,False
ML496530611,BugunLiocichla,7,10.5,13.5,1.49,False
ML573513881,BugunLiocichla,0,0.0,3.0,27.05,True
ML573513881,BugunLiocichla,1,1.5,4.5,28.3,True
ML573513881,BugunLiocichla,2,3.0,6.0,10.49,True
ML573513881,BugunLiocichla,3,4.5,7.5,1.81,False
ML573513881,BugunLiocichla,4,6.0,9.0,2.0,False
ML573513881,BugunLiocichla,5,7.5,10.5,29.75,True
ML573513881,BugunLiocichla,6,9.0,12.0,23.38,True
ML573513881,BugunLiocichla,7,10.5,13.5,0.71,False
ML573513881,BugunLiocichla,8,12.0,15.0,6.86,True
ML573513881,BugunLiocichla,9,13.5,16.5,2.43,False
ML573513881,BugunLiocichla,10,15.0,18.0,0.57,False
ML573513881,BugunLiocichla,11,16.5,19.5,1.16,False
ML573513881,BugunLiocichla,12,18.0,21.0,29.36,True
ML573515031,BugunLiocichla,0,0.0,3.0,115.79,True
ML573515041,BugunLiocichla,0,0.0,3.0,40.0,True
ML573515041,BugunLiocichla,1,1.5,4.5,35.51,True
ML573515041,BugunLiocichla,2,3.0,6.0,5.35,True
ML574851421,BugunLiocichla,0,0.0,3.0,24.06,True
ML574851421,BugunLiocichla,1,1.5,4.5,16.76,True
ML574851421,BugunLiocichla,2,3.0,6.0,14.05,True
ML574851421,BugunLiocichla,3,4.5,7.5,26.99,True
ML574851421,BugunLiocichla,4,6.0,9.0,41.4,True
ML574851421,BugunLiocichla,5,7.5,10.5,8.56,True
ML574851421,BugunLiocichla,6,9.0,12.0,0.18,False
ML574851421,BugunLiocichla,7,10.5,13.5,1.82,False
ML574851421,BugunLiocichla,8,12.0,15.0,39.48,True
ML574851421,BugunLiocichla,9,13.5,16.5,38.07,True
ML574851421,BugunLiocichla,10,15.0,18.0,19.05,True
ML574851421,BugunLiocichla,11,16.5,19.5,16.25,True
ML574851421,BugunLiocichla,12,18.0,21.0,17.51,True
ML574851421,BugunLiocichla,13,19.5,22.5,27.44,True
ML574851421,BugunLiocichla,14,21.0,24.0,31.7,True
ML574851421,BugunLiocichla,15,22.5,25.5,12.12,True
ML574851421,BugunLiocichla,16,24.0,27.0,3.88,True
ML574851421,BugunLiocichla,17,25.5,28.5,5.06,True
ML577575971,BugunLiocichla,0,0.0,3.0,11.07,True
ML577575971,BugunLiocichla,1,1.5,4.5,13.67,True
ML577575971,BugunLiocichla,2,3.0,6.0,4.92,True
ML577575971,BugunLiocichla,3,4.5,7.5,2.22,False
ML577575971,BugunLiocichla,4,6.0,9.0,1.24,False
ML577575971,BugunLiocichla,5,7.5,10.5,4.52,True
ML577575971,BugunLiocichla,6,9.0,12.0,16.78,True
ML577575971,BugunLiocichla,7,10.5,13.5,7.42,True
ML577575971,BugunLiocichla,8,12.0,15.0,4.4,True
ML577575971,BugunLiocichla,9,13.5,16.5,5.05,True
ML577575971,BugunLiocichla,10,15.0,18.0,1.16,False
ML577575971,BugunLiocichla,11,16.5,19.5,0.93,False
ML577575971,BugunLiocichla,12,18.0,21.0,2.48,False
ML577575971,BugunLiocichla,13,19.5,22.5,11.02,True
ML577575971,BugunLiocichla,14,21.0,24.0,15.84,True
ML577575971,BugunLiocichla,15,22.5,25.5,3.59,True
ML577575971,BugunLiocichla,16,24.0,27.0,2.59,False
ML577575971,BugunLiocichla,17,25.5,28.5,3.2,True
ML577575971,BugunLiocichla,18,27.0,30.0,2.53,False
ML577575971,BugunLiocichla,19,28.5,31.5,2.39,False
ML577575971,BugunLiocichla,20,30.0,33.0,2.66,False
ML577575971,BugunLiocichla,21,31.5,34.5,5.43,True
ML577575971,BugunLiocichla,22,33.0,36.0,17.23,True
ML577575971,BugunLiocichla,23,34.5,37.5,7.03,True
ML577575971,BugunLiocichla,24,36.0,39.0,3.01,True
ML577575971,BugunLiocichla,25,37.5,40.5,2.38,False
ML577575971,BugunLiocichla,26,39.0,42.0,3.51,True
ML577575971,BugunLiocichla,27,40.5,43.5,11.46,True
ML577575971,BugunLiocichla,28,42.0,45.0,10.0,True
ML577575971,BugunLiocichla,29,43.5,46.5,2.02,False
ML577575971,BugunLiocichla,30,45.0,48.0,-0.43,False
ML583849671,BugunLiocichla,0,0.0,3.0,12.16,True
ML583849671,BugunLiocichla,1,1.5,4.5,12.16,True
ML583849671,BugunLiocichla,2,3.0,6.0,2.36,False
ML583849671,BugunLiocichla,3,4.5,7.5,4.34,True
ML583849671,BugunLiocichla,4,6.0,9.0,11.51,True
ML583849671,BugunLiocichla,5,7.5,10.5,15.26,True
ML583849671,BugunLiocichla,6,9.0,12.0,19.85,True
ML583849671,BugunLiocichla,7,10.5,13.5,3.2,True
ML583849671,BugunLiocichla,8,12.0,15.0,1.01,False
ML583849671,BugunLiocichla,9,13.5,16.5,4.13,True
ML583849671,BugunLiocichla,10,15.0,18.0,9.96,True
ML583849671,BugunLiocichla,11,16.5,19.5,22.86,True
ML583849671,BugunLiocichla,12,18.0,21.0,6.21,True
ML583849671,BugunLiocichla,13,19.5,22.5,6.84,True
ML583849671,BugunLiocichla,14,21.0,24.0,7.92,True
ML583849671,BugunLiocichla,15,22.5,25.5,2.22,False
ML583849671,BugunLiocichla,16,24.0,27.0,2.7,False
ML583849671,BugunLiocichla,17,25.5,28.5,4.28,True
ML583849671,BugunLiocichla,18,27.0,30.0,15.94,True
ML583849671,BugunLiocichla,19,28.5,31.5,20.28,True
ML583849681,BugunLiocichla,0,0.0,3.0,13.43,True
ML583849681,BugunLiocichla,1,1.5,4.5,25.97,True
ML583849681,BugunLiocichla,2,3.0,6.0,10.53,True
ML583849681,BugunLiocichla,3,4.5,7.5,7.79,True
ML583849681,BugunLiocichla,4,6.0,9.0,6.11,True
ML583849681,BugunLiocichla,5,7.5,10.5,6.7,True
ML583849681,BugunLiocichla,6,9.0,12.0,9.47,True
ML583849681,BugunLiocichla,7,10.5,13.5,21.52,True
ML583849681,BugunLiocichla,8,12.0,15.0,16.6,True
ML583849681,BugunLiocichla,9,13.5,16.5,2.31,False
ML583849681,BugunLiocichla,10,15.0,18.0,3.63,True
ML583849681,BugunLiocichla,11,16.5,19.5,7.72,True
ML583849681,BugunLiocichla,12,18.0,21.0,9.05,True
ML583849681,BugunLiocichla,13,19.5,22.5,7.55,True
ML583849681,BugunLiocichla,14,21.0,24.0,10.43,True
ML583849681,BugunLiocichla,15,22.5,25.5,14.15,True
ML583849681,BugunLiocichla,16,24.0,27.0,3.16,True
ML583849681,BugunLiocichla,17,25.5,28.5,3.87,True
ML583849681,BugunLiocichla,18,27.0,30.0,5.51,True
ML583849681,BugunLiocichla,19,28.5,31.5,3.77,True
ML583849681,BugunLiocichla,20,30.0,33.0,2.4,False
ML583849681,BugunLiocichla,21,31.5,34.5,1.61,False
ML583849681,BugunLiocichla,22,33.0,36.0,5.18,True
ML583849681,BugunLiocichla,23,34.5,37.5,14.09,True
ML608462481,BugunLiocichla,0,0.0,3.0,6.59,True
ML608462481,BugunLiocichla,1,1.5,4.5,2.24,False
ML608462481,BugunLiocichla,2,3.0,6.0,2.46,False
ML608462481,BugunLiocichla,3,4.5,7.5,8.94,True
ML608462481,BugunLiocichla,4,6.0,9.0,5.56,True
ML608462481,BugunLiocichla,5,7.5,10.5,2.72,False
ML608462481,BugunLiocichla,6,9.0,12.0,5.86,True
ML608462481,BugunLiocichla,7,10.5,13.5,10.39,True
ML608462481,BugunLiocichla,8,12.0,15.0,5.33,True
ML608462481,BugunLiocichla,9,13.5,16.5,3.15,True
ML608462481,BugunLiocichla,10,15.0,18.0,0.77,False
ML608462481,BugunLiocichla,11,16.5,19.5,3.76,True
ML608462481,BugunLiocichla,12,18.0,21.0,7.13,True
ML608462482,BugunLiocichla,0,0.0,3.0,4.91,True
ML608462482,BugunLiocichla,1,1.5,4.5,4.68,True
ML608462482,BugunLiocichla,2,3.0,6.0,5.26,True
ML608462482,BugunLiocichla,3,4.5,7.5,8.52,True
ML608462482,BugunLiocichla,4,6.0,9.0,10.97,True
ML608462482,BugunLiocichla,5,7.5,10.5,9.65,True
ML608462482,BugunLiocichla,6,9.0,12.0,4.91,True
ML608462482,BugunLiocichla,7,10.5,13.5,3.93,True
ML608462482,BugunLiocichla,8,12.0,15.0,5.05,True
ML608462482,BugunLiocichla,9,13.5,16.5,2.77,False
ML608462482,BugunLiocichla,10,15.0,18.0,2.34,False
ML608462482,BugunLiocichla,11,16.5,19.5,3.58,True
ML608462482,BugunLiocichla,12,18.0,21.0,7.69,True
ML608462482,BugunLiocichla,13,19.5,22.5,6.27,True
ML608462482,BugunLiocichla,14,21.0,24.0,0.04,False
ML608462482,BugunLiocichla,15,22.5,25.5,1.6,False
ML608462482,BugunLiocichla,16,24.0,27.0,4.91,True
ML608462482,BugunLiocichla,17,25.5,28.5,15.75,True
ML608462482,BugunLiocichla,18,27.0,30.0,7.53,True
ML608462482,BugunLiocichla,19,28.5,31.5,2.03,False
ML608462482,BugunLiocichla,20,30.0,33.0,3.34,True
ML608462482,BugunLiocichla,21,31.5,34.5,3.91,True
ML608462482,BugunLiocichla,22,33.0,36.0,3.88,True
ML608462482,BugunLiocichla,23,34.5,37.5,1.76,False
ML608462482,BugunLiocichla,24,36.0,39.0,2.19,False
ML608462482,BugunLiocichla,25,37.5,40.5,2.85,False
ML608462482,BugunLiocichla,26,39.0,42.0,1.9,False
ML608462482,BugunLiocichla,27,40.5,43.5,1.47,False
ML608462482,BugunLiocichla,28,42.0,45.0,6.06,True
ML608462482,BugunLiocichla,29,43.5,46.5,3.28,True
ML608462482,BugunLiocichla,30,45.0,48.0,0.81,False
ML608462482,BugunLiocichla,31,46.5,49.5,1.36,False
ML608462482,BugunLiocichla,32,48.0,51.0,2.69,False
ML608462482,BugunLiocichla,33,49.5,52.5,8.19,True
ML608462482,BugunLiocichla,34,51.0,54.0,9.81,True
ML608462482,BugunLiocichla,35,52.5,55.5,3.49,True
ML608462482,BugunLiocichla,36,54.0,57.0,0.68,False
ML608462482,BugunLiocichla,37,55.5,58.5,3.31,True
ML608462482,BugunLiocichla,38,57.0,60.0,7.23,True
ML608462482,BugunLiocichla,39,58.5,61.5,6.6,True
ML608462482,BugunLiocichla,40,60.0,63.0,6.24,True
ML608462482,BugunLiocichla,41,61.5,64.5,8.27,True
ML608462482,BugunLiocichla,42,63.0,66.0,8.28,True
ML608462482,BugunLiocichla,43,64.5,67.5,6.68,True
ML608462482,BugunLiocichla,44,66.0,69.0,7.5,True
ML608462482,BugunLiocichla,45,67.5,70.5,10.66,True
ML608462482,BugunLiocichla,46,69.0,72.0,13.6,True
ML608462482,BugunLiocichla,47,70.5,73.5,12.84,True
ML608462482,BugunLiocichla,48,72.0,75.0,8.29,True
ML608462482,BugunLiocichla,49,73.5,76.5,7.81,True
ML608462482,BugunLiocichla,50,75.0,78.0,9.6,True
ML608462482,BugunLiocichla,51,76.5,79.5,8.75,True
ML608462482,BugunLiocichla,52,78.0,81.0,8.12,True
ML608462482,BugunLiocichla,53,79.5,82.5,9.28,True
ML608462482,BugunLiocichla,54,81.0,84.0,10.48,True
ML608462482,BugunLiocichla,55,82.5,85.5,8.52,True
ML608462482,BugunLiocichla,56,84.0,87.0,5.91,True
ML608462482,BugunLiocichla,57,85.5,88.5,5.31,True
ML608462482,BugunLiocichla,58,87.0,90.0,7.42,True
ML608462482,BugunLiocichla,59,88.5,91.5,8.29,True
ML608462482,BugunLiocichla,60,90.0,93.0,7.9,True
ML609070099,BugunLiocichla,0,0.0,3.0,6.15,True
ML609070099,BugunLiocichla,1,1.5,4.5,0.22,False
ML609070099,BugunLiocichla,2,3.0,6.0,-0.38,False
ML609070099,BugunLiocichla,3,4.5,7.5,0.53,False
ML609070099,BugunLiocichla,4,6.0,9.0,0.29,False
ML609070099,BugunLiocichla,5,7.5,10.5,-0.67,False
ML609070099,BugunLiocichla,6,9.0,12.0,0.1,False
ML609070099,BugunLiocichla,7,10.5,13.5,0.57,False
ML609070099,BugunLiocichla,8,12.0,15.0,0.94,False
ML609070099,BugunLiocichla,9,13.5,16.5,2.67,False
ML609070099,BugunLiocichla,10,15.0,18.0,-0.01,False
ML609070099,BugunLiocichla,11,16.5,19.5,0.02,False
ML609070099,BugunLiocichla,12,18.0,21.0,1.76,False
ML609070099,BugunLiocichla,13,19.5,22.5,1.29,False
ML609070099,BugunLiocichla,14,21.0,24.0,3.26,True
ML609070099,BugunLiocichla,15,22.5,25.5,3.68,True
ML609070099,BugunLiocichla,16,24.0,27.0,1.36,False
ML609070099,BugunLiocichla,17,25.5,28.5,1.03,False
ML609070099,BugunLiocichla,18,27.0,30.0,2.89,False
ML609070099,BugunLiocichla,19,28.5,31.5,2.54,False
ML609070099,BugunLiocichla,20,30.0,33.0,1.75,False
ML609070099,BugunLiocichla,21,31.5,34.5,1.62,False
ML609070099,BugunLiocichla,22,33.0,36.0,1.76,False
ML609070099,BugunLiocichla,23,34.5,37.5,2.37,False
ML609070099,BugunLiocichla,24,36.0,39.0,4.13,True
ML609070099,BugunLiocichla,25,37.5,40.5,2.36,False
ML609070099,BugunLiocichla,26,39.0,42.0,2.59,False
ML609070099,BugunLiocichla,27,40.5,43.5,2.42,False
ML609070099,BugunLiocichla,28,42.0,45.0,1.78,False
ML609070099,BugunLiocichla,29,43.5,46.5,1.62,False
ML609070099,BugunLiocichla,30,45.0,48.0,1.78,False
ML609070099,BugunLiocichla,31,46.5,49.5,1.87,False
ML609070099,BugunLiocichla,32,48.0,51.0,1.91,False
ML609070099,BugunLiocichla,33,49.5,52.5,2.15,False
ML609070099,BugunLiocichla,34,51.0,54.0,4.49,True
ML609070099,BugunLiocichla,35,52.5,55.5,2.88,False
ML609070099,BugunLiocichla,36,54.0,57.0,2.0,False
ML609070099,BugunLiocichla,37,55.5,58.5,3.52,True
ML609070099,BugunLiocichla,38,57.0,60.0,0.4,False
ML609070099,BugunLiocichla,39,58.5,61.5,1.17,False
ML609070099,BugunLiocichla,40,60.0,63.0,1.52,False
ML609070099,BugunLiocichla,41,61.5,64.5,1.7,False
ML609070099,BugunLiocichla,42,63.0,66.0,1.9,False
ML609070099,BugunLiocichla,43,64.5,67.5,2.03,False
ML609070099,BugunLiocichla,44,66.0,69.0,2.65,False
ML609070099,BugunLiocichla,45,67.5,70.5,4.5,True
ML609070099,BugunLiocichla,46,69.0,72.0,1.71,False
ML609070099,BugunLiocichla,47,70.5,73.5,1.71,False
ML609070099,BugunLiocichla,48,72.0,75.0,1.77,False
ML609070099,BugunLiocichla,49,73.5,76.5,1.95,False
ML609070099,BugunLiocichla,50,75.0,78.0,4.59,True
ML609070099,BugunLiocichla,51,76.5,79.5,1.81,False
ML609070099,BugunLiocichla,52,78.0,81.0,1.81,False
ML609070099,BugunLiocichla,53,79.5,82.5,1.53,False
ML609070099,BugunLiocichla,54,81.0,84.0,1.87,False
ML609070099,BugunLiocichla,55,82.5,85.5,3.9,True
ML609070099,BugunLiocichla,56,84.0,87.0,3.71,True
ML609070099,BugunLiocichla,57,85.5,88.5,6.18,True
ML609070099,BugunLiocichla,58,87.0,90.0,1.27,False
ML609070099,BugunLiocichla,59,88.5,91.5,1.48,False
ML609070099,BugunLiocichla,60,90.0,93.0,1.71,False
ML609070099,BugunLiocichla,61,91.5,94.5,1.76,False
ML609070099,BugunLiocichla,62,93.0,96.0,2.1,False
ML609070099,BugunLiocichla,63,94.5,97.5,3.13,True
ML609070099,BugunLiocichla,64,96.0,99.0,3.6,True
ML609070099,BugunLiocichla,65,97.5,100.5,1.19,False
ML609070099,BugunLiocichla,66,99.0,102.0,1.52,False
ML609070099,BugunLiocichla,67,100.5,103.5,1.37,False
ML609070099,BugunLiocichla,68,102.0,105.0,1.52,False
ML609070099,BugunLiocichla,69,103.5,106.5,1.91,False
ML609070099,BugunLiocichla,70,105.0,108.0,2.38,False
ML609070099,BugunLiocichla,71,106.5,109.5,5.17,True
ML609070099,BugunLiocichla,72,108.0,111.0,1.95,False
ML609070099,BugunLiocichla,73,109.5,112.5,1.63,False
ML609070099,BugunLiocichla,74,111.0,114.0,1.8,False
ML609070099,BugunLiocichla,75,112.5,115.5,2.09,False
ML609070099,BugunLiocichla,76,114.0,117.0,1.71,False
ML609070099,BugunLiocichla,77,115.5,118.5,1.68,False
ML609070099,BugunLiocichla,78,117.0,120.0,2.49,False
ML609070099,BugunLiocichla,79,118.5,121.5,5.07,True
ML609070099,BugunLiocichla,80,120.0,123.0,1.56,False
ML609070099,BugunLiocichla,81,121.5,124.5,1.35,False
ML609070099,BugunLiocichla,82,123.0,126.0,1.7,False
ML609070099,BugunLiocichla,83,124.5,127.5,1.6,False
ML609070099,BugunLiocichla,84,126.0,129.0,1.76,False
ML609070099,BugunLiocichla,85,127.5,130.5,2.71,False
ML609070099,BugunLiocichla,86,129.0,132.0,5.38,True
ML609070099,BugunLiocichla,87,130.5,133.5,2.77,False
ML609070099,BugunLiocichla,88,132.0,135.0,1.69,False
ML609070099,BugunLiocichla,89,133.5,136.5,1.37,False
ML609070099,BugunLiocichla,90,135.0,138.0,1.32,False
ML609070099,BugunLiocichla,91,136.5,139.5,1.42,False
ML609070099,BugunLiocichla,92,138.0,141.0,3.85,True
ML609070099,BugunLiocichla,93,139.5,142.5,5.15,True
ML609070099,BugunLiocichla,94,141.0,144.0,2.03,False
ML609070099,BugunLiocichla,95,142.5,145.5,1.8,False
ML609070099,BugunLiocichla,96,144.0,147.0,2.13,False
ML609070099,BugunLiocichla,97,145.5,148.5,4.62,True
ML609070099,BugunLiocichla,98,147.0,150.0,1.58,False
ML609070099,BugunLiocichla,99,148.5,151.5,1.36,False
ML609070099,BugunLiocichla,100,150.0,153.0,1.58,False
ML609070099,BugunLiocichla,101,151.5,154.5,1.48,False
ML609070099,BugunLiocichla,102,153.0,156.0,1.48,False
ML609070099,BugunLiocichla,103,154.5,157.5,1.91,False
ML609070099,BugunLiocichla,104,156.0,159.0,4.7,True
ML609070099,BugunLiocichla,105,157.5,160.5,1.62,False
ML609070099,BugunLiocichla,106,159.0,162.0,1.2,False
ML609070099,BugunLiocichla,107,160.5,163.5,1.66,False
ML609070099,BugunLiocichla,108,162.0,165.0,2.38,False
ML609070099,BugunLiocichla,109,163.5,166.5,7.91,True
ML609070099,BugunLiocichla,110,165.0,168.0,1.63,False
ML609070099,BugunLiocichla,111,166.5,169.5,1.93,False
ML609070099,BugunLiocichla,112,168.0,171.0,3.63,True
ML609070099,BugunLiocichla,113,169.5,172.5,2.76,False
ML609070099,BugunLiocichla,114,171.0,174.0,2.05,False
ML609070099,BugunLiocichla,115,172.5,175.5,2.71,False
ML609070099,BugunLiocichla,116,174.0,177.0,4.84,True
ML609070099,BugunLiocichla,117,175.5,178.5,2.96,False
ML609070099,BugunLiocichla,118,177.0,180.0,3.31,True
ML609070099,BugunLiocichla,119,178.5,181.5,4.79,True
ML609070099,BugunLiocichla,120,180.0,183.0,4.0,True
ML609070099,BugunLiocichla,121,181.5,184.5,4.49,True
ML609070099,BugunLiocichla,122,183.0,186.0,3.57,True
ML609070099,BugunLiocichla,123,184.5,187.5,4.27,True
ML609070099,BugunLiocichla,124,186.0,189.0,3.29,True
ML614844523,BugunLiocichla,0,0.0,3.0,129.05,True
ML617505678,BugunLiocichla,0,0.0,3.0,1.94,False
ML617505678,BugunLiocichla,1,1.5,4.5,8.25,True
ML617505678,BugunLiocichla,2,3.0,6.0,5.07,True
ML617505678,BugunLiocichla,3,4.5,7.5,1.24,False
ML617505678,BugunLiocichla,4,6.0,9.0,1.51,False
ML617505678,BugunLiocichla,5,7.5,10.5,3.49,True
ML617505678,BugunLiocichla,6,9.0,12.0,1.61,False
ML617505678,BugunLiocichla,7,10.5,13.5,0.95,False
ML617505678,BugunLiocichla,8,12.0,15.0,1.24,False
ML617505678,BugunLiocichla,9,13.5,16.5,1.28,False
ML617505678,BugunLiocichla,10,15.0,18.0,2.21,False
ML617505678,BugunLiocichla,11,16.5,19.5,4.28,True
ML617505678,BugunLiocichla,12,18.0,21.0,3.5,True
ML617505678,BugunLiocichla,13,19.5,22.5,2.94,False
ML617505678,BugunLiocichla,14,21.0,24.0,2.44,False
ML617505678,BugunLiocichla,15,22.5,25.5,4.06,True
ML617505678,BugunLiocichla,16,24.0,27.0,5.43,True
ML617505678,BugunLiocichla,17,25.5,28.5,2.87,False
ML617505678,BugunLiocichla,18,27.0,30.0,2.62,False
ML617505678,BugunLiocichla,19,28.5,31.5,2.85,False
ML617505678,BugunLiocichla,20,30.0,33.0,3.22,True
ML617505678,BugunLiocichla,21,31.5,34.5,5.18,True
ML617505678,BugunLiocichla,22,33.0,36.0,5.08,True
ML617505678,BugunLiocichla,23,34.5,37.5,2.79,False
ML617505678,BugunLiocichla,24,36.0,39.0,3.69,True
ML617505678,BugunLiocichla,25,37.5,40.5,5.31,True
ML617505678,BugunLiocichla,26,39.0,42.0,3.2,True
ML617505678,BugunLiocichla,27,40.5,43.5,2.23,False
ML617505678,BugunLiocichla,28,42.0,45.0,2.48,False
ML617505678,BugunLiocichla,29,43.5,46.5,3.92,True
ML617506149,BugunLiocichla,0,0.0,3.0,1.18,False
ML617506149,BugunLiocichla,1,1.5,4.5,3.51,True
ML617506149,BugunLiocichla,2,3.0,6.0,1.59,False
ML617506149,BugunLiocichla,3,4.5,7.5,4.28,True
ML617506149,BugunLiocichla,4,6.0,9.0,4.15,True
ML617506149,BugunLiocichla,5,7.5,10.5,3.09,True
ML617506149,BugunLiocichla,6,9.0,12.0,2.75,False
ML617506149,BugunLiocichla,7,10.5,13.5,3.0,True
ML617506149,BugunLiocichla,8,12.0,15.0,5.3,True
ML617506149,BugunLiocichla,9,13.5,16.5,3.48,True
ML617506149,BugunLiocichla,10,15.0,18.0,3.31,True
ML617506149,BugunLiocichla,11,16.5,19.5,5.83,True
ML617506149,BugunLiocichla,12,18.0,21.0,4.14,True
ML617506149,BugunLiocichla,13,19.5,22.5,2.6,False
ML617506149,BugunLiocichla,14,21.0,24.0,5.74,True
ML617506149,BugunLiocichla,15,22.5,25.5,5.28,True
ML617506149,BugunLiocichla,16,24.0,27.0,2.94,False
ML617506149,BugunLiocichla,17,25.5,28.5,2.14,False
ML617506149,BugunLiocichla,18,27.0,30.0,3.38,True
ML618603111,BugunLiocichla,0,0.0,3.0,7.64,True
ML618603111,BugunLiocichla,1,1.5,4.5,9.39,True
ML618603111,BugunLiocichla,2,3.0,6.0,8.64,True
ML618603111,BugunLiocichla,3,4.5,7.5,1.83,False
ML618603111,BugunLiocichla,4,6.0,9.0,2.02,False
ML618603111,BugunLiocichla,5,7.5,10.5,6.96,True
ML618603111,BugunLiocichla,6,9.0,12.0,11.0,True
ML618603111,BugunLiocichla,7,10.5,13.5,13.39,True
ML618603111,BugunLiocichla,8,12.0,15.0,11.09,True
ML618603111,BugunLiocichla,9,13.5,16.5,13.04,True
ML618603111,BugunLiocichla,10,15.0,18.0,11.82,True
ML618603111,BugunLiocichla,11,16.5,19.5,6.98,True
ML618603111,BugunLiocichla,12,18.0,21.0,5.75,True
ML618603111,BugunLiocichla,13,19.5,22.5,7.7,True
ML618603111,BugunLiocichla,14,21.0,24.0,14.71,True
ML618603111,BugunLiocichla,15,22.5,25.5,14.73,True
ML618603111,BugunLiocichla,16,24.0,27.0,11.0,True
ML618603111,BugunLiocichla,17,25.5,28.5,9.22,True
ML618717331,BugunLiocichla,0,0.0,3.0,1.44,False
ML618717331,BugunLiocichla,1,1.5,4.5,1.53,False
ML618717331,BugunLiocichla,2,3.0,6.0,2.78,False
ML618717331,BugunLiocichla,3,4.5,7.5,2.75,False
ML618717331,BugunLiocichla,4,6.0,9.0,4.3,True
ML618717331,BugunLiocichla,5,7.5,10.5,3.33,True
ML618717331,BugunLiocichla,6,9.0,12.0,2.88,False
ML618717393,BugunLiocichla,0,0.0,3.0,5.22,True
ML618717393,BugunLiocichla,1,1.5,4.5,4.06,True
ML618717393,BugunLiocichla,2,3.0,6.0,2.24,False
ML621169965,BugunLiocichla,0,0.0,3.0,1.85,False
ML621169965,BugunLiocichla,1,1.5,4.5,8.81,True
ML621169965,BugunLiocichla,2,3.0,6.0,11.69,True
ML621169965,BugunLiocichla,3,4.5,7.5,6.85,True
ML621169965,BugunLiocichla,4,6.0,9.0,4.12,True
ML621169965,BugunLiocichla,5,7.5,10.5,3.27,True
ML621169965,BugunLiocichla,6,9.0,12.0,6.64,True
ML621169966,BugunLiocichla,0,0.0,3.0,4.27,True
ML621169966,BugunLiocichla,1,1.5,4.5,4.17,True
ML621169966,BugunLiocichla,2,3.0,6.0,5.73,True
ML621169966,BugunLiocichla,3,4.5,7.5,3.71,True
ML621169966,BugunLiocichla,4,6.0,9.0,1.31,False
ML621169966,BugunLiocichla,5,7.5,10.5,1.65,False
ML621169966,BugunLiocichla,6,9.0,12.0,7.03,True
ML621169966,BugunLiocichla,7,10.5,13.5,4.63,True
ML621169966,BugunLiocichla,8,12.0,15.0,1.34,False
ML621169966,BugunLiocichla,9,13.5,16.5,1.51,False
ML621169966,BugunLiocichla,10,15.0,18.0,2.65,False
ML621169966,BugunLiocichla,11,16.5,19.5,6.16,True
ML621169966,BugunLiocichla,12,18.0,21.0,7.73,True
ML623313271,BugunLiocichla,0,0.0,3.0,109.29,True
ML624672605,BugunLiocichla,0,0.0,3.0,0.02,False
ML624672605,BugunLiocichla,1,1.5,4.5,0.89,False
ML624672605,BugunLiocichla,2,3.0,6.0,-1.34,False
ML624672605,BugunLiocichla,3,4.5,7.5,-2.93,False
ML624672605,BugunLiocichla,4,6.0,9.0,-3.5,False
ML624672605,BugunLiocichla,5,7.5,10.5,-1.31,False
ML624672605,BugunLiocichla,6,9.0,12.0,6.11,True
ML624672605,BugunLiocichla,7,10.5,13.5,2.18,False
ML624672605,BugunLiocichla,8,12.0,15.0,0.91,False
ML624672605,BugunLiocichla,9,13.5,16.5,1.35,False
ML624672605,BugunLiocichla,10,15.0,18.0,5.04,True
ML624672605,BugunLiocichla,11,16.5,19.5,2.39,False
ML624672605,BugunLiocichla,12,18.0,21.0,2.75,False
ML624672605,BugunLiocichla,13,19.5,22.5,4.11,True
ML624672605,BugunLiocichla,14,21.0,24.0,5.4,True
ML624672605,BugunLiocichla,15,22.5,25.5,7.59,True
ML624672605,BugunLiocichla,16,24.0,27.0,9.5,True
ML624672605,BugunLiocichla,17,25.5,28.5,6.79,True
ML624672605,BugunLiocichla,18,27.0,30.0,6.06,True
ML624672605,BugunLiocichla,19,28.5,31.5,5.43,True
ML624672605,BugunLiocichla,20,30.0,33.0,5.3,True
ML624672605,BugunLiocichla,21,31.5,34.5,5.14,True
ML624672605,BugunLiocichla,22,33.0,36.0,5.59,True
ML624672605,BugunLiocichla,23,34.5,37.5,5.92,True
ML624672605,BugunLiocichla,24,36.0,39.0,11.5,True
ML624672605,BugunLiocichla,25,37.5,40.5,9.44,True
ML624672605,BugunLiocichla,26,39.0,42.0,6.66,True
ML624672605,BugunLiocichla,27,40.5,43.5,6.9,True
ML624672605,BugunLiocichla,28,42.0,45.0,7.52,True
ML624672605,BugunLiocichla,29,43.5,46.5,8.1,True
ML624672605,BugunLiocichla,30,45.0,48.0,10.77,True
ML624672605,BugunLiocichla,31,46.5,49.5,6.82,True
ML624672605,BugunLiocichla,32,48.0,51.0,6.13,True
ML624672605,BugunLiocichla,33,49.5,52.5,9.53,True
ML624672605,BugunLiocichla,34,51.0,54.0,9.54,True
ML624672605,BugunLiocichla,35,52.5,55.5,6.01,True
ML624672605,BugunLiocichla,36,54.0,57.0,5.63,True
ML624672605,BugunLiocichla,37,55.5,58.5,10.16,True
ML624672605,BugunLiocichla,38,57.0,60.0,10.14,True
ML624672605,BugunLiocichla,39,58.5,61.5,7.47,True
ML624672605,BugunLiocichla,40,60.0,63.0,7.24,True
ML624672605,BugunLiocichla,41,61.5,64.5,10.01,True
ML624672605,BugunLiocichla,42,63.0,66.0,10.68,True
ML624672605,BugunLiocichla,43,64.5,67.5,7.64,True
ML624672605,BugunLiocichla,44,66.0,69.0,6.5,True
ML624672605,BugunLiocichla,45,67.5,70.5,6.25,True
ML624672605,BugunLiocichla,46,69.0,72.0,6.21,True
ML624672605,BugunLiocichla,47,70.5,73.5,6.97,True
ML624672605,BugunLiocichla,48,72.0,75.0,8.23,True
ML624672605,BugunLiocichla,49,73.5,76.5,6.99,True
ML624672605,BugunLiocichla,50,75.0,78.0,5.94,True
ML624672605,BugunLiocichla,51,76.5,79.5,5.1,True
ML624672605,BugunLiocichla,52,78.0,81.0,5.18,True
ML624672605,BugunLiocichla,53,79.5,82.5,6.77,True
ML624672605,BugunLiocichla,54,81.0,84.0,6.66,True
ML624672605,BugunLiocichla,55,82.5,85.5,6.01,True
ML624672605,BugunLiocichla,56,84.0,87.0,6.28,True
ML624672605,BugunLiocichla,57,85.5,88.5,6.45,True
ML624672605,BugunLiocichla,58,87.0,90.0,5.97,True
ML624672605,BugunLiocichla,59,88.5,91.5,2.19,False
XC294415,JerdonsCourser,0,0.0,3.0,1.81,False
XC294415,JerdonsCourser,1,1.5,4.5,2.16,True
XC294415,JerdonsCourser,2,3.0,6.0,2.02,False
XC294415,JerdonsCourser,3,4.5,7.5,2.09,False
XC294415,JerdonsCourser,4,6.0,9.0,1.8,False
XC294415,JerdonsCourser,5,7.5,10.5,1.25,False
ML274533,JerdonsCourser,0,0.0,3.0,1.66,False
ML274533,JerdonsCourser,1,1.5,4.5,1.94,False
ML274533,JerdonsCourser,2,3.0,6.0,2.15,False
ML274533,JerdonsCourser,3,4.5,7.5,2.17,False
ML274533,JerdonsCourser,4,6.0,9.0,1.9,False
ML274533,JerdonsCourser,5,7.5,10.5,1.5,False
ML274533,JerdonsCourser,6,9.0,12.0,1.25,False
ML274533,JerdonsCourser,7,10.5,13.5,1.53,False
ML274533,JerdonsCourser,8,12.0,15.0,1.58,False
ML274533,JerdonsCourser,9,13.5,16.5,1.3,False
ML274533,JerdonsCourser,10,15.0,18.0,1.32,False
ML274533,JerdonsCourser,11,16.5,19.5,1.37,False
ML274533,JerdonsCourser,12,18.0,21.0,1.28,False
ML274533,JerdonsCourser,13,19.5,22.5,1.73,False
ML274533,JerdonsCourser,14,21.0,24.0,2.7,False
ML274533,JerdonsCourser,15,22.5,25.5,2.82,False
ML274533,JerdonsCourser,16,24.0,27.0,3.97,True
ML274533,JerdonsCourser,17,25.5,28.5,3.02,True
ML274533,JerdonsCourser,18,27.0,30.0,1.24,False
ML274533,JerdonsCourser,19,28.5,31.5,1.1,False
ML274533,JerdonsCourser,20,30.0,33.0,1.3,False
ML274533,JerdonsCourser,21,31.5,34.5,0.97,False
ML274533,JerdonsCourser,22,33.0,36.0,0.85,False
ML274533,JerdonsCourser,23,34.5,37.5,0.99,False
ML274533,JerdonsCourser,24,36.0,39.0,1.26,False
ML274533,JerdonsCourser,25,37.5,40.5,1.56,False
ML274533,JerdonsCourser,26,39.0,42.0,1.63,False
ML274533,JerdonsCourser,27,40.5,43.5,1.48,False
ML274533,JerdonsCourser,28,42.0,45.0,1.46,False
ML274533,JerdonsCourser,29,43.5,46.5,1.4,False
ML274533,JerdonsCourser,30,45.0,48.0,1.23,False
ML274533,JerdonsCourser,31,46.5,49.5,1.29,False
ML274533,JerdonsCourser,32,48.0,51.0,1.18,False
ML274533,JerdonsCourser,33,49.5,52.5,1.02,False
ML274533,JerdonsCourser,34,51.0,54.0,0.72,False
ML274533,JerdonsCourser,35,52.5,55.5,1.2,False
ML274533,JerdonsCourser,36,54.0,57.0,0.98,False
ML274533,JerdonsCourser,37,55.5,58.5,0.65,False
ML274533,JerdonsCourser,38,57.0,60.0,0.88,False
ML274533,JerdonsCourser,39,58.5,61.5,1.0,False
ML274533,JerdonsCourser,40,60.0,63.0,1.02,False
ML274533,JerdonsCourser,41,61.5,64.5,1.09,False
ML274533,JerdonsCourser,42,63.0,66.0,1.01,False
ML274533,JerdonsCourser,43,64.5,67.5,0.88,False
ML274533,JerdonsCourser,44,66.0,69.0,0.97,False
ML274533,JerdonsCourser,45,67.5,70.5,0.99,False
ML274534,JerdonsCourser,0,0.0,3.0,0.94,False
ML274534,JerdonsCourser,1,1.5,4.5,1.09,False
ML274534,JerdonsCourser,2,3.0,6.0,1.77,False
ML274534,JerdonsCourser,3,4.5,7.5,1.37,False
ML274534,JerdonsCourser,4,6.0,9.0,0.9,False
ML274534,JerdonsCourser,5,7.5,10.5,0.89,False
ML274534,JerdonsCourser,6,9.0,12.0,0.86,False
ML274534,JerdonsCourser,7,10.5,13.5,0.78,False
ML274534,JerdonsCourser,8,12.0,15.0,0.75,False
ML274534,JerdonsCourser,9,13.5,16.5,1.27,False
ML274534,JerdonsCourser,10,15.0,18.0,1.85,False
ML274534,JerdonsCourser,11,16.5,19.5,1.35,False
ML274534,JerdonsCourser,12,18.0,21.0,1.07,False
ML274534,JerdonsCourser,13,19.5,22.5,1.02,False
ML274534,JerdonsCourser,14,21.0,24.0,1.04,False
ML274534,JerdonsCourser,15,22.5,25.5,1.26,False
ML274534,JerdonsCourser,16,24.0,27.0,1.17,False
ML274534,JerdonsCourser,17,25.5,28.5,0.98,False
ML274534,JerdonsCourser,18,27.0,30.0,0.92,False
ML274534,JerdonsCourser,19,28.5,31.5,0.98,False
ML274534,JerdonsCourser,20,30.0,33.0,1.27,False
ML274534,JerdonsCourser,21,31.5,34.5,1.55,False
ML274534,JerdonsCourser,22,33.0,36.0,1.27,False
ML274534,JerdonsCourser,23,34.5,37.5,1.02,False
ML274534,JerdonsCourser,24,36.0,39.0,0.92,False
ML274534,JerdonsCourser,25,37.5,40.5,1.01,False
ML274534,JerdonsCourser,26,39.0,42.0,1.01,False
ML274534,JerdonsCourser,27,40.5,43.5,1.12,False
ML274534,JerdonsCourser,28,42.0,45.0,2.1,False
ML274534,JerdonsCourser,29,43.5,46.5,3.6,True
ML274534,JerdonsCourser,30,45.0,48.0,1.26,False
ML274534,JerdonsCourser,31,46.5,49.5,0.98,False
ML274534,JerdonsCourser,32,48.0,51.0,1.05,False
ML274534,JerdonsCourser,33,49.5,52.5,1.24,False
ML274534,JerdonsCourser,34,51.0,54.0,2.3,False
ML274534,JerdonsCourser,35,52.5,55.5,1.67,False
ML274534,JerdonsCourser,36,54.0,57.0,1.2,False
ML274534,JerdonsCourser,37,55.5,58.5,1.37,False
ML274534,JerdonsCourser,38,57.0,60.0,0.85,False
ML274534,JerdonsCourser,39,58.5,61.5,0.67,False
ML274534,JerdonsCourser,40,60.0,63.0,0.78,False
ML274534,JerdonsCourser,41,61.5,64.5,0.9,False
ML274534,JerdonsCourser,42,63.0,66.0,0.92,False
ML274534,JerdonsCourser,43,64.5,67.5,0.85,False
ML274534,JerdonsCourser,44,66.0,69.0,0.99,False
ML274535,JerdonsCourser,0,0.0,3.0,2.57,False
ML274535,JerdonsCourser,1,1.5,4.5,2.58,True
ML274535,JerdonsCourser,2,3.0,6.0,2.21,False
ML274535,JerdonsCourser,3,4.5,7.5,1.39,False
ML274535,JerdonsCourser,4,6.0,9.0,1.23,False
ML274535,JerdonsCourser,5,7.5,10.5,1.41,False
ML274535,JerdonsCourser,6,9.0,12.0,1.68,False
ML274535,JerdonsCourser,7,10.5,13.5,2.06,False
ML274535,JerdonsCourser,8,12.0,15.0,2.03,False
ML274535,JerdonsCourser,9,13.5,16.5,1.48,False
ML274535,JerdonsCourser,10,15.0,18.0,1.38,False
ML274535,JerdonsCourser,11,16.5,19.5,1.49,False
ML274535,JerdonsCourser,12,18.0,21.0,1.62,False
ML274535,JerdonsCourser,13,19.5,22.5,1.55,False
ML274535,JerdonsCourser,14,21.0,24.0,1.35,False
ML274535,JerdonsCourser,15,22.5,25.5,1.49,False
ML274535,JerdonsCourser,16,24.0,27.0,1.45,False
ML274536,JerdonsCourser,0,0.0,3.0,3.02,True
ML274536,JerdonsCourser,1,1.5,4.5,3.04,True
ML274536,JerdonsCourser,2,3.0,6.0,2.91,False
ML274536,JerdonsCourser,3,4.5,7.5,3.24,True
ML274536,JerdonsCourser,4,6.0,9.0,3.13,True
ML274536,JerdonsCourser,5,7.5,10.5,1.85,False
ML274536,JerdonsCourser,6,9.0,12.0,0.86,False
ML274536,JerdonsCourser,7,10.5,13.5,1.69,False
ML274536,JerdonsCourser,8,12.0,15.0,2.62,False
ML274536,JerdonsCourser,9,13.5,16.5,3.18,True
ML274536,JerdonsCourser,10,15.0,18.0,3.27,True
ML274536,JerdonsCourser,11,16.5,19.5,3.08,True
ML274537,JerdonsCourser,0,0.0,3.0,0.62,False
ML274537,JerdonsCourser,1,1.5,4.5,1.96,True
ML274537,JerdonsCourser,2,3.0,6.0,0.57,False
ML274537,JerdonsCourser,3,4.5,7.5,0.37,False
ML274537,JerdonsCourser,4,6.0,9.0,0.43,False
ML274537,JerdonsCourser,5,7.5,10.5,0.73,False
ML274537,JerdonsCourser,6,9.0,12.0,0.82,False
ML274537,JerdonsCourser,7,10.5,13.5,0.45,False
ML274537,JerdonsCourser,8,12.0,15.0,0.34,False
ML274537,JerdonsCourser,9,13.5,16.5,0.34,False
ML274537,JerdonsCourser,10,15.0,18.0,0.41,False
ML274537,JerdonsCourser,11,16.5,19.5,0.43,False
ML274537,JerdonsCourser,12,18.0,21.0,0.41,False
ML274537,JerdonsCourser,13,19.5,22.5,0.4,False
ML274537,JerdonsCourser,14,21.0,24.0,0.42,False
ML274537,JerdonsCourser,15,22.5,25.5,0.42,False
ML274537,JerdonsCourser,16,24.0,27.0,0.42,False
ML274537,JerdonsCourser,17,25.5,28.5,0.44,False
ML274537,JerdonsCourser,18,27.0,30.0,0.45,False
ML274537,JerdonsCourser,19,28.5,31.5,0.4,False
ML274537,JerdonsCourser,20,30.0,33.0,0.45,False
ML274537,JerdonsCourser,21,31.5,34.5,0.6,False
ML274538,JerdonsCourser,0,0.0,3.0,27.62,True
ML274538,JerdonsCourser,1,1.5,4.5,24.35,True
ML274538,JerdonsCourser,2,3.0,6.0,19.51,True
ML274538,JerdonsCourser,3,4.5,7.5,0.59,False
ML274538,JerdonsCourser,4,6.0,9.0,0.25,False
ML274538,JerdonsCourser,5,7.5,10.5,3.75,True
ML274538,JerdonsCourser,6,9.0,12.0,19.46,True
ML274538,JerdonsCourser,7,10.5,13.5,4.65,True
ML274538,JerdonsCourser,8,12.0,15.0,24.33,True
ML274538,JerdonsCourser,9,13.5,16.5,23.78,True
ML274538,JerdonsCourser,10,15.0,18.0,23.5,True
ML274538,JerdonsCourser,11,16.5,19.5,24.25,True
ML274538,JerdonsCourser,12,18.0,21.0,24.59,True
ML274538,JerdonsCourser,13,19.5,22.5,24.48,True
ML274538,JerdonsCourser,14,21.0,24.0,24.15,True
ML274538,JerdonsCourser,15,22.5,25.5,24.43,True
ML274538,JerdonsCourser,16,24.0,27.0,24.9,True
ML274538,JerdonsCourser,17,25.5,28.5,26.55,True
ML274538,JerdonsCourser,18,27.0,30.0,26.42,True
ML274538,JerdonsCourser,19,28.5,31.5,24.62,True
ML274538,JerdonsCourser,20,30.0,33.0,24.5,True
ML274539,JerdonsCourser,0,0.0,3.0,-7.26,False
ML274539,JerdonsCourser,1,1.5,4.5,-13.11,False
ML274539,JerdonsCourser,2,3.0,6.0,5.35,True
ML274539,JerdonsCourser,3,4.5,7.5,0.27,False
ML274539,JerdonsCourser,4,6.0,9.0,2.6,False
ML274539,JerdonsCourser,5,7.5,10.5,-11.33,False
ML274539,JerdonsCourser,6,9.0,12.0,-11.1,False
ML274539,JerdonsCourser,7,10.5,13.5,-9.43,False
ML274539,JerdonsCourser,8,12.0,15.0,-12.15,False
ML274539,JerdonsCourser,9,13.5,16.5,5.57,True
ML274539,JerdonsCourser,10,15.0,18.0,-6.05,False
ML274539,JerdonsCourser,11,16.5,19.5,22.36,True
ML274539,JerdonsCourser,12,18.0,21.0,25.08,True
ML274539,JerdonsCourser,13,19.5,22.5,24.57,True
ML274539,JerdonsCourser,14,21.0,24.0,22.24,True
ML274539,JerdonsCourser,15,22.5,25.5,12.17,True
ML274539,JerdonsCourser,16,24.0,27.0,14.97,True
ML274539,JerdonsCourser,17,25.5,28.5,12.04,True
ML274539,JerdonsCourser,18,27.0,30.0,10.52,True
ML274539,JerdonsCourser,19,28.5,31.5,10.21,True
ML274539,JerdonsCourser,20,30.0,33.0,11.34,True
ML274539,JerdonsCourser,21,31.5,34.5,14.85,True
ML274539,JerdonsCourser,22,33.0,36.0,13.85,True
ML274539,JerdonsCourser,23,34.5,37.5,10.24,True
ML274539,JerdonsCourser,24,36.0,39.0,9.49,True
ML274539,JerdonsCourser,25,37.5,40.5,9.45,True
ML274539,JerdonsCourser,26,39.0,42.0,9.61,True
ML274539,JerdonsCourser,27,40.5,43.5,13.49,True
ML274539,JerdonsCourser,28,42.0,45.0,13.88,True
ML274539,JerdonsCourser,29,43.5,46.5,11.52,True
ML274539,JerdonsCourser,30,45.0,48.0,10.35,True
ML274539,JerdonsCourser,31,46.5,49.5,10.43,True
ML274539,JerdonsCourser,32,48.0,51.0,12.83,True
ML274539,JerdonsCourser,33,49.5,52.5,14.01,True
ML274539,JerdonsCourser,34,51.0,54.0,11.0,True
ML274539,JerdonsCourser,35,52.5,55.5,11.44,True
ML274539,JerdonsCourser,36,54.0,57.0,11.07,True
ML274539,JerdonsCourser,37,55.5,58.5,14.12,True
ML274539,JerdonsCourser,38,57.0,60.0,14.74,True
ML274539,JerdonsCourser,39,58.5,61.5,9.35,True
ML274539,JerdonsCourser,40,60.0,63.0,9.44,True
ML274539,JerdonsCourser,41,61.5,64.5,10.3,True
ML274539,JerdonsCourser,42,63.0,66.0,10.42,True
ML274539,JerdonsCourser,43,64.5,67.5,10.05,True
ML274539,JerdonsCourser,44,66.0,69.0,9.61,True
ML274539,JerdonsCourser,45,67.5,70.5,10.81,True
ML274539,JerdonsCourser,46,69.0,72.0,16.8,True
ML274539,JerdonsCourser,47,70.5,73.5,10.55,True
ML274539,JerdonsCourser,48,72.0,75.0,9.91,True
ML274539,JerdonsCourser,49,73.5,76.5,9.35,True
ML274539,JerdonsCourser,50,75.0,78.0,9.91,True
ML274539,JerdonsCourser,51,76.5,79.5,16.31,True
ML274539,JerdonsCourser,52,78.0,81.0,12.84,True
ML274539,JerdonsCourser,53,79.5,82.5,10.51,True
ML274539,JerdonsCourser,54,81.0,84.0,10.41,True
ML274539,JerdonsCourser,55,82.5,85.5,10.3,True
ML274539,JerdonsCourser,56,84.0,87.0,11.63,True
ML274539,JerdonsCourser,57,85.5,88.5,13.57,True
ML274539,JerdonsCourser,58,87.0,90.0,9.19,True
ML274539,JerdonsCourser,59,88.5,91.5,8.34,True
ML274539,JerdonsCourser,60,90.0,93.0,9.11,True
ML274539,JerdonsCourser,61,91.5,94.5,11.38,True
ML274539,JerdonsCourser,62,93.0,96.0,11.37,True
ML274539,JerdonsCourser,63,94.5,97.5,9.65,True
ML274539,JerdonsCourser,64,96.0,99.0,12.24,True
ML274539,JerdonsCourser,65,97.5,100.5,10.71,True
ML274539,JerdonsCourser,66,99.0,102.0,8.48,True
ML274539,JerdonsCourser,67,100.5,103.5,8.21,True
ML274539,JerdonsCourser,68,102.0,105.0,8.52,True
ML274539,JerdonsCourser,69,103.5,106.5,11.63,True
ML274539,JerdonsCourser,70,105.0,108.0,14.2,True
ML274539,JerdonsCourser,71,106.5,109.5,8.05,True
ML274539,JerdonsCourser,72,108.0,111.0,6.95,True
ML274540,JerdonsCourser,0,0.0,3.0,-21.23,False
ML274540,JerdonsCourser,1,1.5,4.5,-13.31,False
ML274540,JerdonsCourser,2,3.0,6.0,1.2,False
ML274540,JerdonsCourser,3,4.5,7.5,-18.54,False
ML274540,JerdonsCourser,4,6.0,9.0,-20.55,False
ML274540,JerdonsCourser,5,7.5,10.5,-20.54,False
ML274540,JerdonsCourser,6,9.0,12.0,-15.49,False
ML274540,JerdonsCourser,7,10.5,13.5,1.77,False
ML274540,JerdonsCourser,8,12.0,15.0,2.64,False
ML274540,JerdonsCourser,9,13.5,16.5,2.34,False
ML274540,JerdonsCourser,10,15.0,18.0,2.72,False
ML274540,JerdonsCourser,11,16.5,19.5,3.1,True
ML274540,JerdonsCourser,12,18.0,21.0,3.19,True
ML274540,JerdonsCourser,13,19.5,22.5,2.93,False
ML274540,JerdonsCourser,14,21.0,24.0,2.51,False
ML274540,JerdonsCourser,15,22.5,25.5,2.45,False
ML274540,JerdonsCourser,16,24.0,27.0,2.73,False
ML274540,JerdonsCourser,17,25.5,28.5,2.33,False
ML274540,JerdonsCourser,18,27.0,30.0,2.22,False
ML274540,JerdonsCourser,19,28.5,31.5,2.39,False
ML274540,JerdonsCourser,20,30.0,33.0,2.23,False
ML274540,JerdonsCourser,21,31.5,34.5,2.53,False
ML274540,JerdonsCourser,22,33.0,36.0,1.9,False
ML274540,JerdonsCourser,23,34.5,37.5,1.48,False
ML274540,JerdonsCourser,24,36.0,39.0,1.79,False
ML274540,JerdonsCourser,25,37.5,40.5,2.28,False
ML274540,JerdonsCourser,26,39.0,42.0,1.95,False
ML274540,JerdonsCourser,27,40.5,43.5,2.16,False
ML274540,JerdonsCourser,28,42.0,45.0,2.97,False
ML274540,JerdonsCourser,29,43.5,46.5,3.03,True
ML274540,JerdonsCourser,30,45.0,48.0,3.1,True
ML274540,JerdonsCourser,31,46.5,49.5,3.29,True
ML274540,JerdonsCourser,32,48.0,51.0,2.69,False
ML274540,JerdonsCourser,33,49.5,52.5,2.62,False
ML274540,JerdonsCourser,34,51.0,54.0,3.15,True
ML274540,JerdonsCourser,35,52.5,55.5,1.99,False
ML274540,JerdonsCourser,36,54.0,57.0,1.95,False
ML274540,JerdonsCourser,37,55.5,58.5,2.49,False
ML274540,JerdonsCourser,38,57.0,60.0,2.57,False
ML274540,JerdonsCourser,39,58.5,61.5,3.43,True
ML274540,JerdonsCourser,40,60.0,63.0,4.1,True
ML274540,JerdonsCourser,41,61.5,64.5,3.76,True
ML274540,JerdonsCourser,42,63.0,66.0,3.58,True
ML274540,JerdonsCourser,43,64.5,67.5,3.92,True
ML274540,JerdonsCourser,44,66.0,69.0,4.21,True
ML274540,JerdonsCourser,45,67.5,70.5,3.87,True
ML274540,JerdonsCourser,46,69.0,72.0,3.48,True
ML274540,JerdonsCourser,47,70.5,73.5,3.32,True
ML274540,JerdonsCourser,48,72.0,75.0,2.78,False
ML274540,JerdonsCourser,49,73.5,76.5,2.66,False
ML274540,JerdonsCourser,50,75.0,78.0,3.3,True
ML274540,JerdonsCourser,51,76.5,79.5,3.57,True
ML274540,JerdonsCourser,52,78.0,81.0,3.12,True
ML274540,JerdonsCourser,53,79.5,82.5,2.58,False
ML274540,JerdonsCourser,54,81.0,84.0,1.98,False
ML274540,JerdonsCourser,55,82.5,85.5,2.46,False
ML274540,JerdonsCourser,56,84.0,87.0,2.5,False
ML274540,JerdonsCourser,57,85.5,88.5,2.41,False
ML274540,JerdonsCourser,58,87.0,90.0,2.64,False
ML274540,JerdonsCourser,59,88.5,91.5,2.81,False
ML274540,JerdonsCourser,60,90.0,93.0,2.58,False
ML274540,JerdonsCourser,61,91.5,94.5,0.97,False
ML274541,JerdonsCourser,0,0.0,3.0,116.99,True
ML274541,JerdonsCourser,1,1.5,4.5,94.21,True
ML274541,JerdonsCourser,2,3.0,6.0,101.14,True
ML274541,JerdonsCourser,3,4.5,7.5,125.88,True
ML274541,JerdonsCourser,4,6.0,9.0,125.53,True
ML274541,JerdonsCourser,5,7.5,10.5,109.81,True
ML274541,JerdonsCourser,6,9.0,12.0,95.04,True
ML274541,JerdonsCourser,7,10.5,13.5,100.13,True
ML274541,JerdonsCourser,8,12.0,15.0,92.31,True
ML274541,JerdonsCourser,9,13.5,16.5,92.42,True
ML274541,JerdonsCourser,10,15.0,18.0,92.7,True
ML274541,JerdonsCourser,11,16.5,19.5,138.3,True
ML274541,JerdonsCourser,12,18.0,21.0,139.39,True
ML274541,JerdonsCourser,13,19.5,22.5,137.16,True
ML274541,JerdonsCourser,14,21.0,24.0,124.62,True
ML274541,JerdonsCourser,15,22.5,25.5,128.9,True
ML274541,JerdonsCourser,16,24.0,27.0,128.23,True
ML274541,JerdonsCourser,17,25.5,28.5,126.7,True
ML274541,JerdonsCourser,18,27.0,30.0,140.87,True
ML274541,JerdonsCourser,19,28.5,31.5,140.94,True
ML274541,JerdonsCourser,20,30.0,33.0,140.32,True
ML274541,JerdonsCourser,21,31.5,34.5,140.03,True
ML274541,JerdonsCourser,22,33.0,36.0,138.13,True
ML274541,JerdonsCourser,23,34.5,37.5,138.33,True
ML274541,JerdonsCourser,24,36.0,39.0,139.31,True
ML274542,JerdonsCourser,0,0.0,3.0,3.12,True
ML274542,JerdonsCourser,1,1.5,4.5,13.98,True
ML274542,JerdonsCourser,2,3.0,6.0,7.68,True
ML274542,JerdonsCourser,3,4.5,7.5,0.53,False
ML274542,JerdonsCourser,4,6.0,9.0,12.16,True
ML274542,JerdonsCourser,5,7.5,10.5,19.47,True
ML274542,JerdonsCourser,6,9.0,12.0,0.16,False
ML274542,JerdonsCourser,7,10.5,13.5,-0.25,False
ML274542,JerdonsCourser,8,12.0,15.0,16.07,True
ML274542,JerdonsCourser,9,13.5,16.5,5.38,True
ML274542,JerdonsCourser,10,15.0,18.0,3.8,True
ML274542,JerdonsCourser,11,16.5,19.5,26.56,True
ML274542,JerdonsCourser,12,18.0,21.0,26.2,True
ML274542,JerdonsCourser,13,19.5,22.5,23.97,True
ML274542,JerdonsCourser,14,21.0,24.0,23.1,True
ML274542,JerdonsCourser,15,22.5,25.5,22.65,True
ML274542,JerdonsCourser,16,24.0,27.0,22.99,True
ML274542,JerdonsCourser,17,25.5,28.5,23.31,True
ML274542,JerdonsCourser,18,27.0,30.0,23.66,True
ML274542,JerdonsCourser,19,28.5,31.5,25.1,True
ML274542,JerdonsCourser,20,30.0,33.0,25.67,True
ML274542,JerdonsCourser,21,31.5,34.5,25.0,True
ML274542,JerdonsCourser,22,33.0,36.0,23.45,True
ML274542,JerdonsCourser,23,34.5,37.5,22.67,True
ML274542,JerdonsCourser,24,36.0,39.0,23.15,True
ML274542,JerdonsCourser,25,37.5,40.5,23.11,True
ML274542,JerdonsCourser,26,39.0,42.0,22.43,True
ML274542,JerdonsCourser,27,40.5,43.5,34.77,True
ML274542,JerdonsCourser,28,42.0,45.0,36.26,True
ML274542,JerdonsCourser,29,43.5,46.5,36.56,True
ML274542,JerdonsCourser,30,45.0,48.0,34.34,True
ML274542,JerdonsCourser,31,46.5,49.5,33.41,True
ML274542,JerdonsCourser,32,48.0,51.0,34.01,True
ML274542,JerdonsCourser,33,49.5,52.5,32.57,True
ML274542,JerdonsCourser,34,51.0,54.0,31.53,True
ML274542,JerdonsCourser,35,52.5,55.5,32.86,True
ML274542,JerdonsCourser,36,54.0,57.0,33.53,True
ML274542,JerdonsCourser,37,55.5,58.5,32.6,True
ML274542,JerdonsCourser,38,57.0,60.0,32.19,True
ML274542,JerdonsCourser,39,58.5,61.5,32.34,True
ML274542,JerdonsCourser,40,60.0,63.0,32.82,True
ML274542,JerdonsCourser,41,61.5,64.5,32.85,True
ML274542,JerdonsCourser,42,63.0,66.0,32.15,True
ML274542,JerdonsCourser,43,64.5,67.5,30.99,True
ML274542,JerdonsCourser,44,66.0,69.0,31.39,True
ML274542,JerdonsCourser,45,67.5,70.5,32.63,True
ML274542,JerdonsCourser,46,69.0,72.0,33.14,True
ML274542,JerdonsCourser,47,70.5,73.5,34.1,True
ML274542,JerdonsCourser,48,72.0,75.0,34.29,True
ML274542,JerdonsCourser,49,73.5,76.5,33.01,True
ML274542,JerdonsCourser,50,75.0,78.0,33.46,True
ML274542,JerdonsCourser,51,76.5,79.5,33.79,True
ML274542,JerdonsCourser,52,78.0,81.0,33.83,True
ML274542,JerdonsCourser,53,79.5,82.5,32.31,True
ML274542,JerdonsCourser,54,81.0,84.0,28.97,True
ML274542,JerdonsCourser,55,82.5,85.5,27.88,True
ML274542,JerdonsCourser,56,84.0,87.0,28.54,True
ML274542,JerdonsCourser,57,85.5,88.5,28.67,True
ML274542,JerdonsCourser,58,87.0,90.0,29.13,True
ML274542,JerdonsCourser,59,88.5,91.5,29.06,True
ML274542,JerdonsCourser,60,90.0,93.0,28.73,True
ML274542,JerdonsCourser,61,91.5,94.5,28.74,True
ML274542,JerdonsCourser,62,93.0,96.0,31.82,True
ML274542,JerdonsCourser,63,94.5,97.5,32.45,True
ML274542,JerdonsCourser,64,96.0,99.0,32.82,True
ML274542,JerdonsCourser,65,97.5,100.5,32.84,True
ML274542,JerdonsCourser,66,99.0,102.0,33.07,True
ML274542,JerdonsCourser,67,100.5,103.5,33.78,True
ML274542,JerdonsCourser,68,102.0,105.0,31.44,True
ML274542,JerdonsCourser,69,103.5,106.5,29.71,True
ML274542,JerdonsCourser,70,105.0,108.0,30.53,True
ML274542,JerdonsCourser,71,106.5,109.5,30.9,True
ML274542,JerdonsCourser,72,108.0,111.0,30.89,True
ML274542,JerdonsCourser,73,109.5,112.5,30.49,True
ML274542,JerdonsCourser,74,111.0,114.0,31.57,True
ML274542,JerdonsCourser,75,112.5,115.5,31.19,True
ML274542,JerdonsCourser,76,114.0,117.0,32.48,True
ML274542,JerdonsCourser,77,115.5,118.5,33.79,True
ML274542,JerdonsCourser,78,117.0,120.0,34.04,True
ML274542,JerdonsCourser,79,118.5,121.5,33.95,True
ML274542,JerdonsCourser,80,120.0,123.0,33.6,True
ML274542,JerdonsCourser,81,121.5,124.5,31.54,True
ML274542,JerdonsCourser,82,123.0,126.0,30.57,True
ML274542,JerdonsCourser,83,124.5,127.5,31.28,True
ML274542,JerdonsCourser,84,126.0,129.0,32.16,True
ML274542,JerdonsCourser,85,127.5,130.5,33.0,True
ML274542,JerdonsCourser,86,129.0,132.0,32.99,True
ML274542,JerdonsCourser,87,130.5,133.5,31.76,True
ML274542,JerdonsCourser,88,132.0,135.0,31.55,True
ML274543,JerdonsCourser,0,0.0,3.0,1.74,False
ML274543,JerdonsCourser,1,1.5,4.5,2.12,False
ML274543,JerdonsCourser,2,3.0,6.0,1.65,False
ML274543,JerdonsCourser,3,4.5,7.5,2.16,False
ML274543,JerdonsCourser,4,6.0,9.0,2.35,False
ML274543,JerdonsCourser,5,7.5,10.5,2.33,False
ML274543,JerdonsCourser,6,9.0,12.0,2.05,False
ML274543,JerdonsCourser,7,10.5,13.5,2.13,False
ML274543,JerdonsCourser,8,12.0,15.0,2.65,True
ML274543,JerdonsCourser,9,13.5,16.5,2.58,False
